ASX Code,Company Name,Date,Open,High,Low,Close,Volume,Market Capitalisation($m),Shares on Issue
SGH,SGH Limited,08/05/2026,41.27,41.55,40.27,40.82,"436,088.00","16,613.67","406,998,167.00"
SGH,SGH Limited,07/05/2026,41.20,41.74,40.95,41.59,"554,442.00","16,927.05","406,998,167.00"
SGH,SGH Limited,06/05/2026,40.42,41.165,40.13,41.13,"458,334.00","16,739.83","406,998,167.00"
SGH,SGH Limited,05/05/2026,40.00,40.89,39.81,40.05,"722,641.00","16,300.28","406,998,167.00"
SGH,SGH Limited,04/05/2026,40.00,40.93,39.45,39.74,"494,572.00","16,174.11","406,998,167.00"
SGH,SGH Limited,01/05/2026,39.22,40.01,38.71,40.00,"571,739.00","16,279.93","406,998,167.00"
SGH,SGH Limited,30/04/2026,37.99,38.74,37.95,38.74,"812,361.00","15,767.11","406,998,167.00"
SGH,SGH Limited,29/04/2026,38.29,38.66,37.90,38.10,"535,817.00","15,506.63","406,998,167.00"
SGH,SGH Limited,28/04/2026,39.20,39.38,38.50,38.67,"552,978.00","15,738.62","406,998,167.00"
SGH,SGH Limited,27/04/2026,39.86,39.88,39.38,39.41,"199,640.00","16,039.80","406,998,167.00"
SGH,SGH Limited,24/04/2026,40.36,40.645,40.05,40.14,"519,178.00","16,336.91","406,998,167.00"
SGH,SGH Limited,23/04/2026,40.14,41.03,39.76,41.03,"343,382.00","16,699.13","406,998,167.00"
SGH,SGH Limited,22/04/2026,41.70,41.70,40.75,40.90,"258,535.00","16,646.23","406,998,167.00"
SGH,SGH Limited,21/04/2026,42.02,42.14,41.08,41.70,"404,867.00","16,971.82","406,998,167.00"
SGH,SGH Limited,20/04/2026,41.22,41.83,40.90,41.60,"401,587.00","16,931.12","406,998,167.00"
SGH,SGH Limited,17/04/2026,41.04,41.32,40.50,40.81,"613,078.00","16,609.60","406,998,167.00"
SGH,SGH Limited,16/04/2026,41.82,42.05,40.73,41.25,"807,045.00","16,788.67","406,998,167.00"
SGH,SGH Limited,15/04/2026,41.80,42.42,40.98,41.41,"381,469.00","16,853.79","406,998,167.00"
SGH,SGH Limited,14/04/2026,42.73,42.74,41.84,42.01,"519,113.00","17,097.99","406,998,167.00"
SGH,SGH Limited,13/04/2026,42.20,42.34,41.62,42.00,"323,019.00","17,093.92","406,998,167.00"
SGH,SGH Limited,10/04/2026,42.80,42.85,42.00,42.37,"810,587.00","17,244.51","406,998,167.00"
SGH,SGH Limited,09/04/2026,42.92,43.35,42.68,42.68,"1,243,290.00","17,370.68","406,998,167.00"
SGH,SGH Limited,08/04/2026,42.99,43.61,42.63,43.42,"465,826.00","17,671.86","406,998,167.00"
SGH,SGH Limited,07/04/2026,41.52,42.17,41.085,41.43,"371,487.00","16,861.93","406,998,167.00"
SGH,SGH Limited,02/04/2026,40.98,42.00,40.52,40.67,"401,274.00","16,552.62","406,998,167.00"
SGH,SGH Limited,01/04/2026,41.43,41.90,40.67,41.06,"655,921.00","16,711.34","406,998,167.00"
SGH,SGH Limited,31/03/2026,41.42,41.42,39.85,40.41,"703,045.00","16,446.80","406,998,167.00"
SGH,SGH Limited,30/03/2026,41.05,41.50,39.82,40.68,"436,425.00","16,556.69","406,998,167.00"
SGH,SGH Limited,27/03/2026,41.31,41.77,40.79,41.77,"475,497.00","17,000.31","406,998,167.00"
SGH,SGH Limited,26/03/2026,42.52,43.20,41.46,41.89,"581,166.00","17,049.15","406,998,167.00"
SGH,SGH Limited,25/03/2026,40.30,41.67,40.15,41.67,"535,108.00","16,959.61","406,998,167.00"
SGH,SGH Limited,24/03/2026,40.98,40.98,39.36,39.60,"301,286.00","16,117.13","406,998,167.00"
SGH,SGH Limited,23/03/2026,38.32,39.98,37.26,39.59,"366,199.00","16,113.06","406,998,167.00"
SGH,SGH Limited,20/03/2026,40.61,40.90,39.51,39.51,"824,680.00","16,080.50","406,998,167.00"
SGH,SGH Limited,19/03/2026,40.55,41.05,40.20,40.50,"619,074.00","16,483.43","406,998,167.00"
SGH,SGH Limited,18/03/2026,41.22,41.50,40.89,41.29,"460,632.00","16,804.95","406,998,167.00"
SGH,SGH Limited,17/03/2026,41.20,41.76,40.78,41.20,"376,402.00","16,768.32","406,998,167.00"
SGH,SGH Limited,16/03/2026,41.40,41.72,41.06,41.48,"377,627.00","16,882.28","406,998,167.00"
SGH,SGH Limited,13/03/2026,42.60,42.60,41.65,42.01,"345,294.00","17,097.99","406,998,167.00"
SGH,SGH Limited,12/03/2026,41.38,42.53,41.30,42.22,"1,349,729.00","17,183.46","406,998,167.00"
SGH,SGH Limited,11/03/2026,42.00,42.095,41.28,41.95,"395,388.00","17,073.57","406,998,167.00"
SGH,SGH Limited,10/03/2026,42.28,42.69,41.81,42.04,"670,975.00","17,110.20","406,998,167.00"
SGH,SGH Limited,09/03/2026,43.30,43.52,41.33,41.58,"557,472.00","16,922.98","406,998,167.00"
SGH,SGH Limited,06/03/2026,44.26,44.87,44.20,44.56,"300,797.00","18,135.84","406,998,167.00"
SGH,SGH Limited,05/03/2026,45.21,45.47,44.60,44.63,"531,394.00","18,164.33","406,998,167.00"
SGH,SGH Limited,04/03/2026,45.98,46.42,44.95,45.06,"520,124.00","18,339.34","406,998,167.00"
SGH,SGH Limited,03/03/2026,46.37,46.42,45.77,46.40,"317,623.00","18,884.71","406,998,167.00"
SGH,SGH Limited,02/03/2026,46.44,46.94,46.00,46.44,"242,299.00","18,900.99","406,998,167.00"
SGH,SGH Limited,27/02/2026,46.49,46.90,45.89,46.70,"594,413.00","19,006.81","406,998,167.00"
SGH,SGH Limited,26/02/2026,47.20,47.90,46.15,46.48,"411,082.00","18,917.27","406,998,167.00"
SGH,SGH Limited,25/02/2026,47.80,47.98,47.18,47.79,"408,978.00","19,450.44","406,998,167.00"
SGH,SGH Limited,24/02/2026,47.73,48.455,47.21,48.00,"409,484.00","19,535.91","406,998,167.00"
SGH,SGH Limited,23/02/2026,47.28,47.82,46.87,47.47,"227,716.00","19,320.20","406,998,167.00"
SGH,SGH Limited,20/02/2026,47.57,47.84,46.75,47.70,"328,300.00","19,413.81","406,998,167.00"
SGH,SGH Limited,19/02/2026,48.68,49.10,47.79,47.81,"536,873.00","19,458.58","406,998,167.00"
SGH,SGH Limited,18/02/2026,49.00,49.04,46.70,47.52,"509,547.00","19,340.55","406,998,167.00"
SGH,SGH Limited,17/02/2026,47.15,47.46,46.42,46.82,"278,269.00","19,055.65","406,998,167.00"
SGH,SGH Limited,16/02/2026,47.90,47.985,47.06,47.23,"312,853.00","19,222.52","406,998,167.00"
SGH,SGH Limited,13/02/2026,48.92,49.77,47.89,47.90,"651,285.00","19,495.21","406,998,167.00"
SGH,SGH Limited,12/02/2026,50.38,51.00,48.93,49.23,"709,773.00","20,036.52","406,998,167.00"
SGH,SGH Limited,11/02/2026,48.92,51.99,48.20,50.91,"888,082.00","20,720.28","406,998,167.00"
SGH,SGH Limited,10/02/2026,48.27,49.27,47.63,49.15,"723,137.00","20,003.96","406,998,167.00"
SGH,SGH Limited,09/02/2026,46.64,47.77,45.76,47.77,"405,107.00","19,442.30","406,998,167.00"
SGH,SGH Limited,06/02/2026,46.27,46.32,45.37,46.05,"425,785.00","18,742.27","406,998,167.00"
SGH,SGH Limited,05/02/2026,46.83,47.45,46.27,47.37,"277,452.00","19,279.50","406,998,167.00"
SGH,SGH Limited,04/02/2026,46.03,46.42,45.51,46.29,"370,559.00","18,839.95","406,998,167.00"
SGH,SGH Limited,03/02/2026,46.38,47.28,45.96,46.61,"395,651.00","18,970.18","406,998,167.00"
SGH,SGH Limited,02/02/2026,46.30,46.70,45.74,45.78,"417,352.00","18,632.38","406,998,167.00"
SGH,SGH Limited,30/01/2026,48.00,48.23,45.72,46.42,"816,522.00","18,892.85","406,998,167.00"
SGH,SGH Limited,29/01/2026,46.77,47.92,46.77,47.69,"545,963.00","19,409.74","406,998,167.00"
SGH,SGH Limited,28/01/2026,47.57,47.57,46.61,47.01,"581,497.00","19,132.98","406,998,167.00"
SGH,SGH Limited,27/01/2026,47.33,47.59,46.92,47.39,"207,301.00","19,287.64","406,998,167.00"
SGH,SGH Limited,23/01/2026,46.65,47.13,46.59,46.79,"229,287.00","19,043.44","406,998,167.00"
SGH,SGH Limited,22/01/2026,46.47,47.69,46.21,47.13,"304,328.00","19,181.82","406,998,167.00"
SGH,SGH Limited,21/01/2026,47.07,47.07,45.90,45.96,"201,080.00","18,705.64","406,998,167.00"
SGH,SGH Limited,20/01/2026,46.61,47.39,46.61,47.24,"193,421.00","19,226.59","406,998,167.00"
SGH,SGH Limited,19/01/2026,47.00,47.05,46.22,46.91,"184,341.00","19,092.28","406,998,167.00"
SGH,SGH Limited,16/01/2026,46.90,47.49,46.65,46.87,"291,747.00","19,076.00","406,998,167.00"
SGH,SGH Limited,15/01/2026,47.70,47.70,46.10,47.39,"436,534.00","19,287.64","406,998,167.00"
SGH,SGH Limited,14/01/2026,47.65,48.07,47.20,47.63,"257,883.00","19,385.32","406,998,167.00"
SGH,SGH Limited,13/01/2026,47.87,48.21,47.56,47.92,"294,018.00","19,503.35","406,998,167.00"
SGH,SGH Limited,12/01/2026,47.88,48.19,47.59,47.84,"334,447.00","19,470.79","406,998,167.00"
SGH,SGH Limited,09/01/2026,48.35,48.58,47.45,47.53,"205,354.00","19,344.62","406,998,167.00"
SGH,SGH Limited,08/01/2026,48.50,48.78,47.25,48.03,"355,639.00","19,548.12","406,998,167.00"
SGH,SGH Limited,07/01/2026,48.60,49.70,48.33,48.97,"301,265.00","19,930.70","406,998,167.00"
SGH,SGH Limited,06/01/2026,46.81,49.49,46.63,48.60,"997,618.00","19,780.11","406,998,167.00"
SGH,SGH Limited,05/01/2026,46.38,46.87,46.37,46.49,"233,783.00","18,921.34","406,998,167.00"
SGH,SGH Limited,02/01/2026,46.22,46.88,46.12,46.83,"179,065.00","19,059.72","406,998,167.00"
SGH,SGH Limited,31/12/2025,46.34,46.61,46.24,46.45,"199,218.00","18,905.06","406,998,167.00"
SGH,SGH Limited,30/12/2025,46.88,46.95,46.42,46.80,"256,591.00","19,047.51","406,998,167.00"
SGH,SGH Limited,29/12/2025,47.00,47.00,46.31,46.49,"188,614.00","18,921.34","406,998,167.00"
SGH,SGH Limited,24/12/2025,46.92,47.12,46.47,47.12,"93,308.00","19,177.75","406,998,167.00"
SGH,SGH Limited,23/12/2025,46.90,47.28,46.49,47.15,"165,897.00","19,189.96","406,998,167.00"
SGH,SGH Limited,22/12/2025,46.70,47.02,46.59,46.92,"176,713.00","19,096.35","406,998,167.00"
SGH,SGH Limited,19/12/2025,46.49,46.66,45.95,46.50,"495,127.00","18,925.41","406,998,167.00"
SGH,SGH Limited,18/12/2025,45.99,46.30,45.70,46.08,"521,812.00","18,754.48","406,998,167.00"
SGH,SGH Limited,17/12/2025,46.00,46.38,45.43,46.27,"461,396.00","18,831.81","406,998,167.00"
SGH,SGH Limited,16/12/2025,46.34,46.49,45.60,46.22,"322,692.00","18,811.46","406,998,167.00"
SGH,SGH Limited,15/12/2025,45.43,46.26,45.27,46.10,"224,290.00","18,762.62","406,998,167.00"
SGH,SGH Limited,12/12/2025,45.06,46.10,44.93,45.78,"319,719.00","18,632.38","406,998,167.00"
SGH,SGH Limited,11/12/2025,44.98,45.48,44.53,44.53,"317,067.00","18,123.63","406,998,167.00"
SGH,SGH Limited,10/12/2025,45.74,45.77,44.65,44.88,"358,176.00","18,266.08","406,998,167.00"
SGH,SGH Limited,09/12/2025,46.30,46.30,45.26,45.31,"364,798.00","18,441.09","406,998,167.00"
SGH,SGH Limited,08/12/2025,45.91,46.57,45.76,46.22,"214,064.00","18,811.46","406,998,167.00"
SGH,SGH Limited,05/12/2025,46.56,46.56,45.80,45.96,"195,376.00","18,705.64","406,998,167.00"
SGH,SGH Limited,04/12/2025,45.88,46.24,45.36,46.24,"224,980.00","18,819.60","406,998,167.00"
SGH,SGH Limited,03/12/2025,46.64,46.64,45.66,45.89,"273,562.00","18,677.15","406,998,167.00"
SGH,SGH Limited,02/12/2025,46.42,46.50,45.76,45.98,"453,593.00","18,713.78","406,998,167.00"
SGH,SGH Limited,01/12/2025,46.71,47.19,46.26,46.51,"301,365.00","18,929.48","406,998,167.00"
SGH,SGH Limited,28/11/2025,47.31,47.76,46.71,47.29,"347,117.00","19,246.94","406,998,167.00"
SGH,SGH Limited,27/11/2025,46.40,47.46,46.27,47.18,"223,613.00","19,202.17","406,998,167.00"
SGH,SGH Limited,26/11/2025,47.00,48.71,46.25,46.26,"520,828.00","18,827.74","406,998,167.00"
SGH,SGH Limited,25/11/2025,45.69,46.29,45.16,46.17,"542,031.00","18,791.11","406,998,167.00"
SGH,SGH Limited,24/11/2025,44.71,45.70,44.16,45.70,"1,191,963.00","18,599.82","406,998,167.00"
SGH,SGH Limited,21/11/2025,43.33,44.11,43.33,43.97,"373,847.00","17,895.71","406,998,167.00"
SGH,SGH Limited,20/11/2025,43.47,44.53,43.01,44.30,"385,805.00","18,030.02","406,998,167.00"
SGH,SGH Limited,19/11/2025,43.25,43.67,43.00,43.24,"293,948.00","17,598.60","406,998,167.00"
SGH,SGH Limited,18/11/2025,43.68,43.94,42.60,43.16,"492,768.00","17,566.04","406,998,167.00"
SGH,SGH Limited,17/11/2025,43.91,44.35,43.50,44.27,"268,917.00","18,017.81","406,998,167.00"
SGH,SGH Limited,14/11/2025,44.20,44.75,43.43,44.03,"284,405.00","17,920.13","406,998,167.00"
SGH,SGH Limited,13/11/2025,45.86,45.86,44.09,44.50,"495,682.00","18,111.42","406,998,167.00"
SGH,SGH Limited,12/11/2025,45.20,45.92,44.80,45.80,"470,750.00","18,640.52","406,998,167.00"
SGH,SGH Limited,11/11/2025,46.08,46.12,44.00,45.24,"806,126.00","18,412.60","406,998,167.00"
SGH,SGH Limited,10/11/2025,46.82,46.96,45.81,45.84,"606,998.00","18,656.80","406,998,167.00"
SGH,SGH Limited,07/11/2025,47.20,47.23,46.44,46.58,"556,027.00","18,957.97","406,998,167.00"
SGH,SGH Limited,06/11/2025,47.20,47.63,46.605,47.33,"320,582.00","19,263.22","406,998,167.00"
SGH,SGH Limited,05/11/2025,47.30,48.08,46.52,46.81,"296,117.00","19,051.58","406,998,167.00"
SGH,SGH Limited,04/11/2025,47.93,48.22,47.16,47.34,"243,882.00","19,267.29","406,998,167.00"
SGH,SGH Limited,03/11/2025,48.37,48.87,47.96,48.05,"462,201.00","19,556.26","406,998,167.00"
SGH,SGH Limited,31/10/2025,49.72,49.88,48.44,48.50,"911,094.00","19,739.41","406,998,167.00"
SGH,SGH Limited,30/10/2025,48.88,50.18,48.88,49.71,"363,554.00","20,231.88","406,998,167.00"
SGH,SGH Limited,29/10/2025,51.50,52.00,49.50,49.53,"752,136.00","20,158.62","406,998,167.00"
SGH,SGH Limited,28/10/2025,50.14,51.52,49.88,51.52,"768,320.00","20,968.55","406,998,167.00"
SGH,SGH Limited,27/10/2025,49.52,50.11,49.46,50.08,"277,033.00","20,382.47","406,998,167.00"
SGH,SGH Limited,24/10/2025,48.83,49.74,48.27,49.29,"416,327.00","20,060.94","406,998,167.00"
SGH,SGH Limited,23/10/2025,48.50,49.38,48.11,48.90,"300,257.00","19,902.21","406,998,167.00"
SGH,SGH Limited,22/10/2025,48.48,48.75,48.11,48.62,"250,771.00","19,788.25","406,998,167.00"
SGH,SGH Limited,21/10/2025,49.47,49.75,48.65,48.77,"440,399.00","19,849.30","406,998,167.00"
SGH,SGH Limited,20/10/2025,48.18,48.77,48.08,48.75,"202,018.00","19,841.16","406,998,167.00"
SGH,SGH Limited,17/10/2025,48.41,48.81,48.00,48.17,"353,511.00","19,605.10","406,998,167.00"
SGH,SGH Limited,16/10/2025,48.05,48.81,47.245,48.81,"533,241.00","19,865.58","406,998,167.00"
SGH,SGH Limited,15/10/2025,48.00,48.89,47.72,48.02,"586,579.00","19,544.05","406,998,167.00"
SGH,SGH Limited,14/10/2025,48.03,48.16,46.85,47.63,"314,297.00","19,385.32","406,998,167.00"
SGH,SGH Limited,13/10/2025,49.07,49.30,47.72,47.80,"333,707.00","19,454.51","406,998,167.00"
SGH,SGH Limited,10/10/2025,50.00,50.53,49.29,49.33,"1,164,316.00","20,077.22","406,998,167.00"
SGH,SGH Limited,09/10/2025,50.42,50.60,49.68,50.04,"345,807.00","20,366.19","406,998,167.00"
SGH,SGH Limited,08/10/2025,50.46,50.48,49.92,50.02,"328,699.00","20,358.05","406,998,167.00"
SGH,SGH Limited,07/10/2025,50.77,51.31,50.42,50.42,"274,122.00","20,520.85","406,998,167.00"
SGH,SGH Limited,06/10/2025,50.99,51.00,50.39,50.94,"194,060.00","20,732.49","406,998,167.00"
SGH,SGH Limited,03/10/2025,50.07,51.09,49.83,50.53,"353,168.00","20,565.62","406,998,167.00"
SGH,SGH Limited,02/10/2025,50.24,50.44,49.70,50.34,"398,821.00","20,488.29","406,998,167.00"
SGH,SGH Limited,01/10/2025,50.13,50.14,49.205,49.65,"324,174.00","20,207.46","406,998,167.00"
SGH,SGH Limited,30/09/2025,49.49,50.32,49.38,49.93,"582,667.00","20,321.42","406,998,167.00"
SGH,SGH Limited,29/09/2025,50.00,50.58,49.85,49.85,"395,638.00","20,288.86","406,998,167.00"
SGH,SGH Limited,26/09/2025,49.78,50.19,49.00,49.69,"1,011,865.00","20,223.74","406,998,167.00"
SGH,SGH Limited,25/09/2025,50.61,50.78,49.34,49.96,"693,844.00","20,333.63","406,998,167.00"
SGH,SGH Limited,24/09/2025,50.99,51.03,50.65,50.85,"355,806.00","20,695.86","406,998,167.00"
SGH,SGH Limited,23/09/2025,51.20,51.34,50.48,51.12,"299,282.00","20,805.75","406,998,167.00"
SGH,SGH Limited,22/09/2025,50.58,51.06,50.43,50.61,"388,779.00","20,598.18","406,998,167.00"
SGH,SGH Limited,19/09/2025,50.00,51.11,48.50,50.43,"1,486,188.00","20,524.92","406,998,167.00"
SGH,SGH Limited,18/09/2025,49.50,49.58,49.00,49.22,"285,169.00","20,032.45","406,998,167.00"
SGH,SGH Limited,17/09/2025,49.42,49.845,49.23,49.28,"344,389.00","20,056.87","406,998,167.00"
SGH,SGH Limited,16/09/2025,49.34,49.36,48.54,49.02,"759,737.00","19,951.05","406,998,167.00"
SGH,SGH Limited,15/09/2025,48.17,49.07,48.03,49.07,"274,256.00","19,971.40","406,998,167.00"
SGH,SGH Limited,12/09/2025,49.45,49.64,48.44,48.52,"225,827.00","19,747.55","406,998,167.00"
SGH,SGH Limited,11/09/2025,47.97,48.58,47.01,48.52,"423,979.00","19,747.55","406,998,167.00"
SGH,SGH Limited,10/09/2025,49.62,49.785,48.62,49.18,"320,403.00","20,016.17","406,998,167.00"
SGH,SGH Limited,09/09/2025,49.35,49.49,49.14,49.35,"372,053.00","20,085.36","406,998,167.00"
SGH,SGH Limited,08/09/2025,48.83,49.54,48.83,49.54,"172,288.00","20,162.69","406,998,167.00"
SGH,SGH Limited,05/09/2025,49.68,49.92,48.97,49.41,"252,582.00","20,109.78","406,998,167.00"
SGH,SGH Limited,04/09/2025,48.94,49.32,48.78,49.11,"337,752.00","19,987.68","406,998,167.00"
SGH,SGH Limited,03/09/2025,50.00,50.13,48.77,48.77,"629,798.00","19,849.30","406,998,167.00"
SGH,SGH Limited,02/09/2025,50.41,50.65,49.96,50.49,"336,813.00","20,549.34","406,998,167.00"
SGH,SGH Limited,01/09/2025,50.15,50.51,50.11,50.41,"240,980.00","20,516.78","406,998,167.00"
SGH,SGH Limited,29/08/2025,50.63,50.97,50.28,50.51,"388,574.00","20,557.48","406,998,167.00"
SGH,SGH Limited,28/08/2025,50.63,50.84,50.19,50.50,"376,195.00","20,553.41","406,998,167.00"
SGH,SGH Limited,27/08/2025,49.82,50.30,49.50,50.07,"273,589.00","20,378.40","406,998,167.00"
SGH,SGH Limited,26/08/2025,49.70,49.83,49.20,49.44,"653,603.00","20,121.99","406,998,167.00"
SGH,SGH Limited,25/08/2025,50.00,50.12,49.52,49.62,"522,279.00","20,195.25","406,998,167.00"
SGH,SGH Limited,22/08/2025,49.13,49.55,48.895,49.21,"791,833.00","20,028.38","406,998,167.00"
SGH,SGH Limited,21/08/2025,48.73,49.57,48.605,49.27,"549,142.00","20,052.80","406,998,167.00"
SGH,SGH Limited,20/08/2025,48.79,49.215,48.43,48.83,"511,251.00","19,873.72","406,998,167.00"
SGH,SGH Limited,19/08/2025,48.16,48.52,48.00,48.25,"489,163.00","19,637.66","406,998,167.00"
SGH,SGH Limited,18/08/2025,47.03,48.27,46.77,48.12,"791,830.00","19,584.75","406,998,167.00"
SGH,SGH Limited,15/08/2025,46.70,47.47,46.35,46.89,"766,502.00","19,084.14","406,998,167.00"
SGH,SGH Limited,14/08/2025,47.45,47.57,46.38,46.45,"1,249,669.00","18,905.06","406,998,167.00"
SGH,SGH Limited,13/08/2025,48.15,48.82,47.11,47.45,"1,205,935.00","19,312.06","406,998,167.00"
SGH,SGH Limited,12/08/2025,46.70,49.04,45.60,47.45,"6,083,315.00","19,312.06","406,998,167.00"
SGH,SGH Limited,11/08/2025,51.06,51.86,51.015,51.86,"381,568.00","21,106.92","406,998,167.00"
SGH,SGH Limited,08/08/2025,51.01,51.39,50.39,51.38,"220,123.00","20,911.57","406,998,167.00"
SGH,SGH Limited,07/08/2025,50.18,51.28,50.18,51.10,"482,529.00","20,797.61","406,998,167.00"
SGH,SGH Limited,06/08/2025,50.81,51.29,50.33,50.85,"410,118.00","20,695.86","406,998,167.00"
SGH,SGH Limited,05/08/2025,50.98,50.98,49.875,50.50,"454,497.00","20,553.41","406,998,167.00"
SGH,SGH Limited,04/08/2025,50.60,51.07,49.57,49.84,"344,492.00","20,284.79","406,998,167.00"
SGH,SGH Limited,01/08/2025,50.82,51.17,50.225,50.75,"336,805.00","20,655.16","406,998,167.00"
SGH,SGH Limited,31/07/2025,51.58,52.08,50.51,51.26,"744,401.00","20,862.73","406,998,167.00"
SGH,SGH Limited,30/07/2025,51.71,52.27,51.54,51.73,"251,011.00","21,054.02","406,998,167.00"
SGH,SGH Limited,29/07/2025,51.67,52.23,51.37,51.71,"278,401.00","21,045.88","406,998,167.00"
SGH,SGH Limited,28/07/2025,50.91,52.16,50.86,51.96,"476,083.00","21,147.62","406,998,167.00"
SGH,SGH Limited,25/07/2025,51.91,51.97,50.83,50.83,"392,292.00","20,687.72","406,998,167.00"
SGH,SGH Limited,24/07/2025,53.18,53.44,52.23,52.23,"292,940.00","21,257.51","406,998,167.00"
SGH,SGH Limited,23/07/2025,52.45,53.11,52.30,52.70,"249,081.00","21,448.80","406,998,167.00"
SGH,SGH Limited,22/07/2025,51.78,52.53,51.65,52.45,"369,821.00","21,347.05","406,998,167.00"
SGH,SGH Limited,21/07/2025,51.16,51.78,51.03,51.76,"257,441.00","21,066.23","406,998,167.00"
SGH,SGH Limited,18/07/2025,50.59,52.05,50.35,51.61,"438,767.00","21,005.18","406,998,167.00"
SGH,SGH Limited,17/07/2025,51.19,51.19,49.93,50.09,"617,549.00","20,386.54","406,998,167.00"
SGH,SGH Limited,16/07/2025,50.53,50.78,49.96,50.50,"370,846.00","20,553.41","406,998,167.00"
SGH,SGH Limited,15/07/2025,50.55,50.84,50.21,50.72,"218,363.00","20,642.95","406,998,167.00"
SGH,SGH Limited,14/07/2025,50.30,50.87,50.06,50.36,"203,809.00","20,496.43","406,998,167.00"
SGH,SGH Limited,11/07/2025,50.48,50.80,50.01,50.77,"321,355.00","20,663.30","406,998,167.00"
SGH,SGH Limited,10/07/2025,51.29,51.40,50.61,50.67,"338,721.00","20,622.60","406,998,167.00"
SGH,SGH Limited,09/07/2025,50.70,51.30,50.335,50.58,"423,133.00","20,585.97","406,998,167.00"
SGH,SGH Limited,08/07/2025,51.65,52.27,50.90,51.14,"418,336.00","20,813.89","406,998,167.00"
SGH,SGH Limited,07/07/2025,51.56,52.61,51.23,51.90,"395,521.00","21,123.20","406,998,167.00"
SGH,SGH Limited,04/07/2025,52.74,52.74,51.24,51.40,"343,497.00","20,919.71","406,998,167.00"
SGH,SGH Limited,03/07/2025,52.27,53.48,51.19,51.97,"488,149.00","21,151.69","406,998,167.00"
SGH,SGH Limited,02/07/2025,52.98,54.05,52.59,52.65,"615,235.00","21,428.45","406,998,167.00"
SGH,SGH Limited,01/07/2025,51.37,53.58,51.11,52.52,"685,211.00","21,375.54","406,998,167.00"
SGH,SGH Limited,30/06/2025,53.59,54.32,53.51,54.07,"476,798.00","22,006.39","406,998,167.00"
SGH,SGH Limited,27/06/2025,54.79,55.00,53.55,53.59,"267,901.00","21,811.03","406,998,167.00"
SGH,SGH Limited,26/06/2025,55.00,55.11,54.24,54.35,"323,937.00","22,120.35","406,998,167.00"
SGH,SGH Limited,25/06/2025,54.55,55.365,54.50,55.24,"447,502.00","22,482.58","406,998,167.00"
SGH,SGH Limited,24/06/2025,54.79,55.00,54.13,54.29,"422,330.00","22,095.93","406,998,167.00"
SGH,SGH Limited,23/06/2025,53.53,54.24,53.23,54.20,"242,938.00","22,059.30","406,998,167.00"
SGH,SGH Limited,20/06/2025,54.20,54.57,53.93,54.38,"602,449.00","22,132.56","406,998,167.00"
SGH,SGH Limited,19/06/2025,54.71,54.71,53.48,54.00,"333,183.00","21,977.90","406,998,167.00"
SGH,SGH Limited,18/06/2025,54.03,54.92,53.91,53.91,"327,980.00","21,941.27","406,998,167.00"
SGH,SGH Limited,17/06/2025,53.42,54.06,53.35,53.91,"290,261.00","21,941.27","406,998,167.00"
SGH,SGH Limited,16/06/2025,53.98,54.09,53.26,53.26,"239,055.00","21,676.72","406,998,167.00"
SGH,SGH Limited,13/06/2025,54.03,54.30,53.12,53.68,"258,226.00","21,847.66","406,998,167.00"
SGH,SGH Limited,12/06/2025,54.19,54.29,53.44,53.75,"512,194.00","21,876.15","406,998,167.00"
SGH,SGH Limited,11/06/2025,54.44,55.27,54.02,54.02,"428,760.00","21,986.04","406,998,167.00"
SGH,SGH Limited,10/06/2025,55.45,55.65,53.81,54.24,"441,723.00","22,075.58","406,998,167.00"
SGH,SGH Limited,06/06/2025,54.27,55.40,54.07,55.05,"740,508.00","22,405.25","406,998,167.00"
SGH,SGH Limited,05/06/2025,53.25,54.10,53.16,54.10,"399,730.00","22,018.60","406,998,167.00"
SGH,SGH Limited,04/06/2025,52.00,53.11,51.81,53.11,"326,384.00","21,615.67","406,998,167.00"
SGH,SGH Limited,03/06/2025,51.35,51.84,51.17,51.65,"338,310.00","21,021.46","406,998,167.00"
SGH,SGH Limited,02/06/2025,50.39,51.325,50.11,51.12,"431,098.00","20,805.75","406,998,167.00"
SGH,SGH Limited,30/05/2025,50.51,50.88,50.12,50.75,"867,390.00","20,655.16","406,998,167.00"
SGH,SGH Limited,29/05/2025,50.16,50.64,49.58,50.64,"272,585.00","20,610.39","406,998,167.00"
SGH,SGH Limited,28/05/2025,50.75,50.91,49.85,49.88,"239,831.00","20,301.07","406,998,167.00"
SGH,SGH Limited,27/05/2025,49.99,50.22,49.51,50.17,"235,778.00","20,419.10","406,998,167.00"
SGH,SGH Limited,26/05/2025,51.59,51.59,49.36,50.02,"413,964.00","20,358.05","406,998,167.00"
SGH,SGH Limited,23/05/2025,51.52,51.54,50.40,50.50,"308,560.00","20,553.41","406,998,167.00"
SGH,SGH Limited,22/05/2025,52.31,52.35,51.04,51.04,"530,244.00","20,773.19","406,998,167.00"
SGH,SGH Limited,21/05/2025,53.15,53.35,52.57,52.89,"316,176.00","21,526.13","406,998,167.00"
SGH,SGH Limited,20/05/2025,52.99,53.62,52.875,53.16,"335,617.00","21,636.02","406,998,167.00"
SGH,SGH Limited,19/05/2025,51.60,52.70,51.55,52.43,"242,686.00","21,338.91","406,998,167.00"
SGH,SGH Limited,16/05/2025,52.53,53.08,52.30,52.79,"254,696.00","21,485.43","406,998,167.00"
SGH,SGH Limited,15/05/2025,52.65,52.93,51.70,51.99,"494,976.00","21,159.83","406,998,167.00"
SGH,SGH Limited,14/05/2025,51.93,52.61,51.89,52.58,"427,485.00","21,399.96","406,998,167.00"
SGH,SGH Limited,13/05/2025,52.29,52.59,51.63,51.63,"328,771.00","21,013.32","406,998,167.00"
SGH,SGH Limited,12/05/2025,51.13,51.74,50.71,51.47,"297,555.00","20,948.20","406,998,167.00"
SGH,SGH Limited,09/05/2025,50.54,50.59,50.08,50.51,"264,612.00","20,557.48","406,998,167.00"
SGH,SGH Limited,08/05/2025,49.96,50.85,49.52,50.42,"407,066.00","20,520.85","406,998,167.00"
SGH,SGH Limited,07/05/2025,49.88,50.19,49.32,49.67,"602,789.00","20,215.60","406,998,167.00"
SGH,SGH Limited,06/05/2025,51.03,51.03,49.87,50.15,"680,271.00","20,410.96","406,998,167.00"
SGH,SGH Limited,05/05/2025,51.28,51.94,51.07,51.29,"404,054.00","20,874.94","406,998,167.00"
SGH,SGH Limited,02/05/2025,51.85,52.75,51.59,51.77,"389,201.00","21,070.30","406,998,167.00"
SGH,SGH Limited,01/05/2025,50.99,51.90,50.47,51.88,"251,951.00","21,115.06","406,998,167.00"
SGH,SGH Limited,30/04/2025,50.48,51.26,50.335,51.05,"546,895.00","20,777.26","406,998,167.00"
SGH,SGH Limited,29/04/2025,49.72,50.19,49.25,50.19,"349,470.00","20,427.24","406,998,167.00"
SGH,SGH Limited,28/04/2025,50.28,50.75,49.81,49.81,"432,666.00","20,272.58","406,998,167.00"
SGH,SGH Limited,24/04/2025,49.60,50.16,49.53,49.53,"433,152.00","20,158.62","406,998,167.00"
SGH,SGH Limited,23/04/2025,49.13,49.67,48.72,49.67,"376,543.00","20,215.60","406,998,167.00"
SGH,SGH Limited,22/04/2025,47.56,48.46,47.37,48.12,"454,950.00","19,584.75","406,998,167.00"
SGH,SGH Limited,17/04/2025,47.81,48.03,47.44,47.90,"443,514.00","19,495.21","406,998,167.00"
SGH,SGH Limited,16/04/2025,48.22,48.52,47.63,47.68,"404,104.00","19,405.67","406,998,167.00"
SGH,SGH Limited,15/04/2025,48.51,48.89,48.16,48.40,"458,392.00","19,698.71","406,998,167.00"
SGH,SGH Limited,14/04/2025,47.00,48.25,46.80,48.20,"304,546.00","19,617.31","406,998,167.00"
SGH,SGH Limited,11/04/2025,46.42,47.74,46.19,46.95,"553,204.00","19,108.56","406,998,167.00"
SGH,SGH Limited,10/04/2025,49.82,49.82,46.44,47.38,"810,110.00","19,283.57","406,998,167.00"
SGH,SGH Limited,09/04/2025,44.00,44.40,43.78,43.86,"690,818.00","17,850.94","406,998,167.00"
SGH,SGH Limited,08/04/2025,43.59,45.24,43.59,45.15,"879,703.00","18,375.97","406,998,167.00"
SGH,SGH Limited,07/04/2025,41.93,43.55,41.13,43.29,"851,690.00","17,618.95","406,998,167.00"
SGH,SGH Limited,04/04/2025,46.90,46.94,44.98,45.15,"611,074.00","18,375.97","406,998,167.00"
SGH,SGH Limited,03/04/2025,48.41,48.69,47.65,47.65,"532,445.00","19,393.46","406,998,167.00"
SGH,SGH Limited,02/04/2025,48.92,49.67,48.81,49.17,"398,719.00","20,012.10","406,998,167.00"
SGH,SGH Limited,01/04/2025,50.10,50.25,48.45,48.45,"541,000.00","19,719.06","406,998,167.00"
SGH,SGH Limited,31/03/2025,50.00,50.32,48.96,49.65,"590,263.00","20,207.46","406,998,167.00"
SGH,SGH Limited,28/03/2025,51.41,51.90,50.27,51.00,"681,276.00","20,756.91","406,998,167.00"
SGH,SGH Limited,27/03/2025,50.61,51.23,50.21,50.23,"527,908.00","20,443.52","406,998,167.00"
SGH,SGH Limited,26/03/2025,50.50,51.24,50.25,51.15,"409,299.00","20,817.96","406,998,167.00"
SGH,SGH Limited,25/03/2025,50.35,50.67,49.94,50.15,"402,257.00","20,410.96","406,998,167.00"
SGH,SGH Limited,24/03/2025,50.26,50.26,49.34,49.34,"650,488.00","20,081.29","406,998,167.00"
SGH,SGH Limited,21/03/2025,49.81,50.53,49.60,50.30,"856,518.00","20,472.01","406,998,167.00"
SGH,SGH Limited,20/03/2025,49.11,49.95,48.80,49.58,"657,461.00","20,178.97","406,998,167.00"
SGH,SGH Limited,19/03/2025,49.00,49.10,48.36,48.65,"456,565.00","19,800.46","406,998,167.00"
SGH,SGH Limited,18/03/2025,49.63,50.17,49.14,49.20,"549,920.00","20,024.31","406,998,167.00"
SGH,SGH Limited,17/03/2025,48.92,49.67,48.66,49.43,"468,598.00","20,117.92","406,998,167.00"
SGH,SGH Limited,14/03/2025,47.60,48.86,47.53,48.70,"497,032.00","19,820.81","406,998,167.00"
SGH,SGH Limited,13/03/2025,47.93,48.24,47.30,47.60,"568,701.00","19,373.11","406,998,167.00"
SGH,SGH Limited,12/03/2025,47.78,47.97,47.33,47.61,"549,215.00","19,377.18","406,998,167.00"
SGH,SGH Limited,11/03/2025,48.81,49.24,47.83,48.24,"781,579.00","19,633.59","406,998,167.00"
SGH,SGH Limited,10/03/2025,49.75,50.26,49.61,49.83,"343,138.00","20,280.72","406,998,167.00"
SGH,SGH Limited,07/03/2025,50.42,50.72,49.49,50.12,"338,145.00","20,398.75","406,998,167.00"
SGH,SGH Limited,06/03/2025,51.10,51.43,50.72,50.72,"517,458.00","20,642.95","406,998,167.00"
SGH,SGH Limited,05/03/2025,51.50,51.52,50.54,51.30,"393,184.00","20,879.01","406,998,167.00"
SGH,SGH Limited,04/03/2025,51.90,52.14,51.20,51.98,"410,499.00","21,155.76","406,998,167.00"
SGH,SGH Limited,03/03/2025,51.48,52.14,51.33,52.14,"280,537.00","21,220.88","406,998,167.00"
SGH,SGH Limited,28/02/2025,52.00,52.00,51.07,51.62,"1,047,024.00","21,009.25","406,998,167.00"
SGH,SGH Limited,27/02/2025,52.58,52.80,52.05,52.08,"334,339.00","21,196.46","406,998,167.00"
SGH,SGH Limited,26/02/2025,52.50,52.59,52.00,52.32,"324,365.00","21,294.14","406,998,167.00"
SGH,SGH Limited,25/02/2025,52.12,52.53,51.79,52.32,"249,938.00","21,294.14","406,998,167.00"
SGH,SGH Limited,24/02/2025,52.75,52.80,51.97,52.31,"370,059.00","21,290.07","406,998,167.00"
SGH,SGH Limited,21/02/2025,54.14,54.165,53.00,53.06,"423,071.00","21,595.32","406,998,167.00"
SGH,SGH Limited,20/02/2025,53.29,54.08,53.11,53.80,"504,985.00","21,896.50","406,998,167.00"
SGH,SGH Limited,19/02/2025,53.75,54.08,52.82,53.46,"370,239.00","21,758.12","406,998,167.00"
SGH,SGH Limited,18/02/2025,54.40,54.68,53.56,53.56,"387,996.00","21,798.82","406,998,167.00"
SGH,SGH Limited,17/02/2025,54.78,54.99,54.24,54.45,"311,263.00","22,161.05","406,998,167.00"
SGH,SGH Limited,14/02/2025,54.56,55.12,54.205,54.58,"484,879.00","22,213.96","406,998,167.00"
SGH,SGH Limited,13/02/2025,53.34,53.60,53.03,53.29,"413,165.00","21,688.93","406,998,167.00"
SGH,SGH Limited,12/02/2025,53.20,53.73,52.035,53.07,"603,818.00","21,599.39","406,998,167.00"
SGH,SGH Limited,11/02/2025,51.80,53.25,50.89,51.65,"785,888.00","21,021.46","406,998,167.00"
SGH,SGH Limited,10/02/2025,48.34,49.075,48.34,48.66,"270,205.00","19,804.53","406,998,167.00"
SGH,SGH Limited,07/02/2025,48.80,49.46,48.55,49.10,"342,765.00","19,983.61","406,998,167.00"
SGH,SGH Limited,06/02/2025,49.55,49.57,48.83,49.13,"300,661.00","19,995.82","406,998,167.00"
SGH,SGH Limited,05/02/2025,48.44,49.54,48.37,48.98,"428,734.00","19,934.77","406,998,167.00"
SGH,SGH Limited,04/02/2025,48.39,48.64,47.92,48.15,"299,307.00","19,596.96","406,998,167.00"
SGH,SGH Limited,03/02/2025,47.99,48.18,47.39,47.96,"310,167.00","19,519.63","406,998,167.00"
SGH,SGH Limited,31/01/2025,49.28,49.58,48.04,48.04,"504,494.00","19,552.19","406,998,167.00"
SGH,SGH Limited,30/01/2025,48.01,48.56,47.95,48.50,"267,134.00","19,739.41","406,998,167.00"
SGH,SGH Limited,29/01/2025,48.20,49.12,47.81,47.95,"404,960.00","19,515.56","406,998,167.00"
SGH,SGH Limited,28/01/2025,48.08,48.48,47.88,47.89,"268,054.00","19,491.14","406,998,167.00"
SGH,SGH Limited,24/01/2025,48.17,48.43,47.66,48.04,"242,742.00","19,552.19","406,998,167.00"
SGH,SGH Limited,23/01/2025,47.97,48.15,47.50,47.58,"230,832.00","19,364.97","406,998,167.00"
SGH,SGH Limited,22/01/2025,47.71,48.17,47.41,48.11,"252,717.00","19,580.68","406,998,167.00"
SGH,SGH Limited,21/01/2025,46.98,47.30,46.475,46.75,"245,375.00","19,027.16","406,998,167.00"
SGH,SGH Limited,20/01/2025,46.50,47.13,46.115,46.56,"301,688.00","18,949.83","406,998,167.00"
SGH,SGH Limited,17/01/2025,46.43,46.80,45.93,45.97,"192,236.00","18,709.71","406,998,167.00"
SGH,SGH Limited,16/01/2025,46.93,46.94,46.02,46.02,"265,977.00","18,730.06","406,998,167.00"
SGH,SGH Limited,15/01/2025,45.21,46.13,45.21,45.90,"172,181.00","18,681.22","406,998,167.00"
SGH,SGH Limited,14/01/2025,46.02,46.02,44.99,45.17,"266,523.00","18,384.11","406,998,167.00"
SGH,SGH Limited,13/01/2025,46.30,46.30,45.29,45.47,"182,694.00","18,506.21","406,998,167.00"
SGH,SGH Limited,10/01/2025,47.20,47.20,46.06,46.30,"131,507.00","18,844.02","406,998,167.00"
SGH,SGH Limited,09/01/2025,46.86,46.86,46.35,46.44,"158,195.00","18,900.99","406,998,167.00"
SGH,SGH Limited,08/01/2025,47.00,47.51,46.79,46.90,"352,699.00","19,088.21","406,998,167.00"
SGH,SGH Limited,07/01/2025,47.42,47.59,47.04,47.31,"308,046.00","19,255.08","406,998,167.00"
SGH,SGH Limited,06/01/2025,46.65,47.30,46.65,47.08,"390,413.00","19,161.47","406,998,167.00"
SGH,SGH Limited,03/01/2025,44.91,46.37,44.91,46.18,"200,799.00","18,795.18","406,998,167.00"
SGH,SGH Limited,02/01/2025,46.07,46.17,45.52,46.00,"164,855.00","18,721.92","406,998,167.00"
SGH,SGH Limited,31/12/2024,46.18,46.45,45.94,46.11,"163,702.00","18,766.69","406,998,167.00"
SGH,SGH Limited,30/12/2024,46.27,46.49,45.97,46.36,"219,099.00","18,868.44","406,998,167.00"
SGH,SGH Limited,27/12/2024,45.85,46.50,45.85,46.39,"193,293.00","18,880.64","406,998,167.00"
SGH,SGH Limited,24/12/2024,45.95,46.15,45.515,46.15,"94,506.00","18,782.97","406,998,167.00"
SGH,SGH Limited,23/12/2024,45.21,45.78,44.63,45.78,"179,690.00","18,632.38","406,998,167.00"
SGH,SGH Limited,20/12/2024,45.20,45.28,44.46,44.91,"720,980.00","18,278.29","406,998,167.00"
SGH,SGH Limited,19/12/2024,44.49,45.47,43.90,45.30,"652,294.00","18,437.02","406,998,167.00"
SGH,SGH Limited,18/12/2024,46.52,46.98,46.015,46.09,"321,891.00","18,758.55","406,998,167.00"
SGH,SGH Limited,17/12/2024,46.00,47.12,45.78,46.28,"410,822.00","18,835.88","406,998,167.00"
SGH,SGH Limited,16/12/2024,46.44,46.56,45.55,45.55,"367,423.00","18,538.77","406,998,167.00"
SGH,SGH Limited,13/12/2024,45.65,46.17,45.59,46.07,"357,531.00","18,750.41","406,998,167.00"
SGH,SGH Limited,12/12/2024,46.75,46.75,45.73,45.96,"270,807.00","18,705.64","406,998,167.00"
SGH,SGH Limited,11/12/2024,47.20,47.53,45.82,46.46,"547,580.00","18,909.13","406,998,167.00"
SGH,SGH Limited,10/12/2024,47.75,47.94,47.085,47.36,"588,853.00","19,275.43","406,998,167.00"
SGH,SGH Limited,09/12/2024,48.90,48.90,48.21,48.63,"336,125.00","19,792.32","406,998,167.00"
SGH,SGH Limited,06/12/2024,48.94,49.20,48.65,48.86,"301,102.00","19,885.93","406,998,167.00"
SGH,SGH Limited,05/12/2024,50.00,50.00,49.20,49.20,"315,158.00","20,024.31","406,998,167.00"
SGH,SGH Limited,04/12/2024,49.49,50.01,49.16,49.74,"322,225.00","20,244.09","406,998,167.00"
SGH,SGH Limited,03/12/2024,49.50,49.75,48.96,49.44,"299,633.00","20,121.99","406,998,167.00"
SGH,SGH Limited,02/12/2024,49.51,49.62,48.86,49.13,"345,693.00","19,995.82","406,998,167.00"
SGH,SGH Limited,29/11/2024,49.10,49.65,49.03,49.51,"228,444.00","20,150.48","406,998,167.00"
SGH,SGH Limited,28/11/2024,49.47,49.90,49.15,49.15,"352,564.00","20,003.96","406,998,167.00"
SGH,SGH Limited,27/11/2024,50.00,50.05,49.55,49.55,"342,706.00","20,166.76","406,998,167.00"
SGH,SGH Limited,26/11/2024,49.33,49.85,48.98,49.45,"390,004.00","20,126.06","406,998,167.00"
SGH,SGH Limited,25/11/2024,48.67,49.01,48.31,48.97,"924,440.00","19,930.70","406,998,167.00"
SGH,SGH Limited,22/11/2024,48.24,48.37,47.55,48.13,"608,850.00","19,588.82","406,998,167.00"
SGH,SGH Limited,21/11/2024,48.51,48.55,47.56,47.72,"436,395.00","19,421.95","406,998,167.00"
SGH,SGH Limited,20/11/2024,47.72,48.98,47.12,48.31,"484,169.00","19,662.08","406,998,167.00"
SGH,SGH Limited,19/11/2024,46.25,48.55,46.25,47.71,"345,431.00","19,417.88","406,998,167.00"
SGH,SGH Limited,18/11/2024,,,,45.78,,"18,632.38","406,998,167.00"
SGH,SGH Limited,15/11/2024,45.18,46.25,45.13,45.78,"390,861.00","18,632.38","406,998,167.00"
SGH,SGH Limited,14/11/2024,44.91,45.12,44.78,45.09,"304,806.00","18,351.55","406,998,167.00"
SGH,SGH Limited,13/11/2024,44.91,45.00,44.33,44.33,"281,668.00","18,042.23","406,998,167.00"
SGH,SGH Limited,12/11/2024,44.50,45.21,44.21,45.21,"378,738.00","18,400.39","406,998,167.00"
SGH,SGH Limited,11/11/2024,44.46,44.46,43.44,44.11,"295,033.00","17,952.69","406,998,167.00"
SGH,SGH Limited,08/11/2024,44.30,44.67,43.80,44.51,"426,751.00","18,115.49","406,998,167.00"
SGH,SGH Limited,07/11/2024,43.08,43.78,42.62,43.78,"243,411.00","17,818.38","406,998,167.00"
SGH,SGH Limited,06/11/2024,42.88,42.88,42.36,42.62,"444,035.00","17,346.26","406,998,167.00"
SGH,SGH Limited,05/11/2024,42.26,42.85,42.11,42.33,"333,931.00","17,228.23","406,998,167.00"
SGH,SGH Limited,04/11/2024,41.86,42.68,41.65,42.51,"346,619.00","17,301.49","406,998,167.00"
SGH,SGH Limited,01/11/2024,41.61,41.70,41.05,41.45,"399,978.00","16,870.07","406,998,167.00"
SGH,SGH Limited,31/10/2024,41.71,41.96,41.36,41.72,"450,540.00","16,979.96","406,998,167.00"
SGH,SGH Limited,30/10/2024,41.37,41.75,41.195,41.75,"523,334.00","16,992.17","406,998,167.00"
SGH,SGH Limited,29/10/2024,42.00,42.00,41.35,41.35,"371,703.00","16,829.37","406,998,167.00"
SGH,SGH Limited,28/10/2024,42.00,42.07,41.58,41.73,"139,211.00","16,984.03","406,998,167.00"
SGH,SGH Limited,25/10/2024,41.85,42.56,41.78,41.79,"259,047.00","17,008.45","406,998,167.00"
SGH,SGH Limited,24/10/2024,42.20,42.28,41.57,41.92,"324,160.00","17,061.36","406,998,167.00"
SGH,SGH Limited,23/10/2024,42.48,42.54,42.15,42.23,"192,226.00","17,187.53","406,998,167.00"
SGH,SGH Limited,22/10/2024,43.00,43.00,42.37,42.37,"297,245.00","17,244.51","406,998,167.00"
SGH,SGH Limited,21/10/2024,43.36,43.75,43.12,43.23,"451,165.00","17,594.53","406,998,167.00"
SGH,SGH Limited,18/10/2024,43.35,43.53,42.82,43.04,"349,368.00","17,517.20","406,998,167.00"
SGH,SGH Limited,17/10/2024,43.10,43.80,42.77,43.53,"370,377.00","17,716.63","406,998,167.00"
SGH,SGH Limited,16/10/2024,43.24,43.34,42.71,42.78,"304,164.00","17,411.38","406,998,167.00"
SGH,SGH Limited,15/10/2024,42.86,43.54,42.81,43.41,"365,056.00","17,667.79","406,998,167.00"
SGH,SGH Limited,14/10/2024,43.51,43.56,42.52,43.08,"271,131.00","17,533.48","406,998,167.00"
SGH,SGH Limited,11/10/2024,43.24,43.80,43.06,43.06,"606,858.00","17,525.34","406,998,167.00"
SGH,SGH Limited,10/10/2024,43.80,43.99,43.54,43.54,"266,062.00","17,720.70","406,998,167.00"
SGH,SGH Limited,09/10/2024,43.52,43.87,43.44,43.53,"248,400.00","17,716.63","406,998,167.00"
SGH,SGH Limited,08/10/2024,43.35,43.44,42.83,43.44,"239,600.00","17,680.00","406,998,167.00"
SGH,SGH Limited,07/10/2024,43.00,43.59,42.50,43.59,"242,152.00","17,741.05","406,998,167.00"
SGH,SGH Limited,04/10/2024,42.84,43.18,42.42,43.04,"325,014.00","17,517.20","406,998,167.00"
SGH,SGH Limited,03/10/2024,43.30,43.385,42.68,42.90,"488,717.00","17,460.22","406,998,167.00"
SGH,SGH Limited,02/10/2024,43.40,43.63,43.07,43.14,"389,117.00","17,557.90","406,998,167.00"
SGH,SGH Limited,01/10/2024,42.75,43.96,42.58,43.74,"311,106.00","17,802.10","406,998,167.00"
SGH,SGH Limited,30/09/2024,42.88,43.00,42.54,42.88,"628,855.00","17,452.08","406,998,167.00"
SGH,SGH Limited,27/09/2024,43.08,43.57,42.535,42.69,"326,808.00","17,374.75","406,998,167.00"
SGH,SGH Limited,26/09/2024,43.30,43.53,42.90,43.00,"535,967.00","17,500.92","406,998,167.00"
SGH,SGH Limited,25/09/2024,43.40,43.54,42.77,42.95,"699,301.00","17,480.57","406,998,167.00"
SGH,SGH Limited,24/09/2024,42.55,43.30,42.38,43.18,"486,766.00","17,574.18","406,998,167.00"
SGH,SGH Limited,23/09/2024,42.62,42.95,42.11,42.27,"532,360.00","17,203.81","406,998,167.00"
SGH,SGH Limited,20/09/2024,42.47,43.38,42.45,43.11,"2,444,532.00","17,545.69","406,998,167.00"
SGH,SGH Limited,19/09/2024,42.43,42.53,41.98,42.09,"867,168.00","17,130.55","406,998,167.00"
SGH,SGH Limited,18/09/2024,42.30,42.46,42.00,42.33,"591,542.00","17,228.23","406,998,167.00"
SGH,SGH Limited,17/09/2024,42.10,42.19,41.955,42.12,"296,657.00","17,142.76","406,998,167.00"
SGH,SGH Limited,16/09/2024,42.07,42.37,41.88,41.89,"332,807.00","17,049.15","406,998,167.00"
SGH,SGH Limited,13/09/2024,41.25,41.77,41.23,41.67,"392,761.00","16,959.61","406,998,167.00"
SGH,SGH Limited,12/09/2024,40.89,41.38,40.86,41.18,"408,866.00","16,760.18","406,998,167.00"
SGH,SGH Limited,11/09/2024,40.38,40.65,40.15,40.43,"648,907.00","16,454.94","406,998,167.00"
SGH,SGH Limited,10/09/2024,40.61,40.65,40.06,40.54,"427,106.00","16,499.71","406,998,167.00"
SGH,SGH Limited,09/09/2024,40.00,40.63,40.00,40.43,"567,963.00","16,454.94","406,998,167.00"
SGH,SGH Limited,06/09/2024,40.32,41.00,40.28,40.63,"497,677.00","16,536.34","406,998,167.00"
SGH,SGH Limited,05/09/2024,40.97,41.03,39.87,40.27,"680,013.00","16,389.82","406,998,167.00"
SGH,SGH Limited,04/09/2024,41.00,41.18,40.55,40.69,"905,949.00","16,560.76","406,998,167.00"
SGH,SGH Limited,03/09/2024,41.06,41.53,41.03,41.18,"483,448.00","16,760.18","406,998,167.00"
SGH,SGH Limited,02/09/2024,41.04,41.14,40.89,41.01,"396,747.00","16,690.99","406,998,167.00"
SGH,SGH Limited,30/08/2024,40.99,41.27,40.89,41.08,"1,141,130.00","16,719.48","406,998,167.00"
SGH,SGH Limited,29/08/2024,40.45,41.00,40.42,40.53,"771,232.00","16,495.64","406,998,167.00"
SGH,SGH Limited,28/08/2024,40.00,40.57,40.00,40.52,"486,908.00","16,491.57","406,998,167.00"
SGH,SGH Limited,27/08/2024,40.01,40.50,39.84,40.40,"829,556.00","16,442.73","406,998,167.00"
SGH,SGH Limited,26/08/2024,40.00,40.74,39.98,40.57,"438,710.00","16,511.92","406,998,167.00"
SGH,SGH Limited,23/08/2024,39.25,39.65,39.19,39.52,"707,953.00","16,084.57","406,998,167.00"
SGH,SGH Limited,22/08/2024,39.00,39.40,38.85,39.22,"458,652.00","15,962.47","406,998,167.00"
SGH,SGH Limited,21/08/2024,38.90,39.17,38.80,39.03,"675,273.00","15,885.14","406,998,167.00"
SGH,SGH Limited,20/08/2024,38.64,39.06,38.36,39.00,"563,763.00","15,872.93","406,998,167.00"
SGH,SGH Limited,19/08/2024,38.58,38.67,37.80,38.48,"869,060.00","15,661.29","406,998,167.00"
SGH,SGH Limited,16/08/2024,39.65,40.085,38.96,39.35,"870,472.00","16,015.38","406,998,167.00"
SGH,SGH Limited,15/08/2024,39.58,39.63,38.30,39.06,"758,450.00","15,897.35","406,998,167.00"
SGH,SGH Limited,14/08/2024,37.60,40.20,36.98,39.19,"948,108.00","15,950.26","406,998,167.00"
SGH,SGH Limited,13/08/2024,37.21,37.30,35.19,36.71,"1,055,271.00","14,940.90","406,998,167.00"
SGH,SGH Limited,12/08/2024,37.29,37.37,37.03,37.13,"1,053,672.00","15,111.84","406,998,167.00"
SGH,SGH Limited,09/08/2024,37.01,37.16,36.51,36.80,"966,265.00","14,977.53","406,998,167.00"
SGH,SGH Limited,08/08/2024,37.34,37.46,36.81,36.81,"496,843.00","14,981.60","406,998,167.00"
SGH,SGH Limited,07/08/2024,36.80,37.54,36.65,37.54,"438,737.00","15,278.71","406,998,167.00"
SGH,SGH Limited,06/08/2024,36.72,37.36,36.61,37.03,"432,569.00","15,071.14","406,998,167.00"
SGH,SGH Limited,05/08/2024,37.10,37.11,36.60,36.70,"485,417.00","14,936.83","406,998,167.00"
SGH,SGH Limited,02/08/2024,38.33,38.67,37.875,38.04,"456,502.00","15,482.21","406,998,167.00"
SGH,SGH Limited,01/08/2024,39.20,39.31,38.85,39.11,"391,607.00","15,917.70","406,998,167.00"
SGH,SGH Limited,31/07/2024,38.68,39.37,38.50,39.18,"522,544.00","15,946.19","406,998,167.00"
SGH,SGH Limited,30/07/2024,38.00,38.64,37.975,38.39,"408,758.00","15,624.66","406,998,167.00"
SGH,SGH Limited,29/07/2024,38.31,38.41,38.05,38.29,"239,992.00","15,583.96","406,998,167.00"
SGH,SGH Limited,26/07/2024,37.80,38.00,37.47,37.89,"304,139.00","15,421.16","406,998,167.00"
SGH,SGH Limited,25/07/2024,37.58,37.62,37.24,37.40,"496,997.00","15,221.73","406,998,167.00"
SGH,SGH Limited,24/07/2024,38.20,38.25,37.63,38.14,"514,001.00","15,522.91","406,998,167.00"
SGH,SGH Limited,23/07/2024,37.88,38.33,37.57,38.04,"473,839.00","15,482.21","406,998,167.00"
SGH,SGH Limited,22/07/2024,37.00,37.59,36.85,37.59,"312,545.00","15,299.06","406,998,167.00"
SGH,SGH Limited,19/07/2024,37.09,37.32,36.74,37.32,"268,027.00","15,189.17","406,998,167.00"
SGH,SGH Limited,18/07/2024,37.12,37.71,36.98,37.61,"433,582.00","15,307.20","406,998,167.00"
SGH,SGH Limited,17/07/2024,36.45,37.36,36.43,37.33,"665,846.00","15,193.24","406,998,167.00"
SGH,SGH Limited,16/07/2024,36.56,36.59,36.09,36.25,"632,197.00","14,753.68","406,998,167.00"
SGH,SGH Limited,15/07/2024,36.26,36.50,35.72,35.84,"597,822.00","14,586.81","406,998,167.00"
SGH,SGH Limited,12/07/2024,36.06,36.11,35.66,36.00,"464,226.00","14,651.93","406,998,167.00"
SGH,SGH Limited,11/07/2024,35.48,36.025,35.34,35.72,"617,597.00","14,537.97","406,998,167.00"
SGH,SGH Limited,10/07/2024,35.50,35.58,35.01,35.01,"559,601.00","14,249.01","406,998,167.00"
SGH,SGH Limited,09/07/2024,35.92,36.02,35.43,35.58,"599,713.00","14,480.99","406,998,167.00"
SGH,SGH Limited,08/07/2024,36.17,36.18,34.95,35.63,"1,182,789.00","14,501.34","406,998,167.00"
SGH,SGH Limited,05/07/2024,37.30,37.30,35.66,36.18,"1,082,922.00","14,725.19","406,998,167.00"
SGH,SGH Limited,04/07/2024,37.80,37.80,37.34,37.58,"253,231.00","15,294.99","406,998,167.00"
SGH,SGH Limited,03/07/2024,36.53,37.28,36.44,37.28,"634,338.00","14,951.54","401,060,520.00"
SGH,SGH Limited,02/07/2024,37.08,37.14,36.25,36.37,"568,164.00","14,560.50","400,343,655.00"
SGH,SGH Limited,01/07/2024,36.88,37.25,36.53,37.24,"491,601.00","14,908.80","400,343,655.00"
SGH,SGH Limited,28/06/2024,37.82,37.99,37.52,37.68,"405,409.00","15,077.19","400,137,620.00"
SGH,SGH Limited,27/06/2024,36.79,37.48,36.53,37.40,"506,768.00","14,965.15","400,137,620.00"
SGH,SGH Limited,26/06/2024,37.40,37.56,37.07,37.36,"465,853.00","14,949.14","400,137,620.00"
SGH,SGH Limited,25/06/2024,37.89,37.98,37.035,37.44,"781,305.00","14,975.26","399,980,244.00"
SGH,SGH Limited,24/06/2024,37.01,37.59,36.94,37.57,"386,064.00","15,027.26","399,980,244.00"
SGH,SGH Limited,21/06/2024,37.79,37.80,36.82,36.95,"1,029,328.00","14,779.27","399,980,244.00"
SGH,SGH Limited,20/06/2024,37.88,38.05,37.53,37.65,"712,432.00","15,059.26","399,980,244.00"
SGH,SGH Limited,19/06/2024,38.43,38.74,38.00,38.00,"971,831.00","15,190.86","399,759,579.00"
SGH,SGH Limited,18/06/2024,38.14,39.065,38.13,38.48,"893,244.00","15,382.75","399,759,579.00"
SGH,SGH Limited,17/06/2024,39.35,39.35,37.67,37.69,"530,191.00","15,039.03","399,018,995.00"
SGH,SGH Limited,14/06/2024,39.50,39.61,39.00,39.44,"247,056.00","15,737.31","399,018,995.00"
SGH,SGH Limited,13/06/2024,39.71,39.92,39.36,39.56,"345,584.00","15,785.19","399,018,995.00"
SGH,SGH Limited,12/06/2024,39.60,39.63,39.015,39.19,"300,939.00","15,637.55","399,018,995.00"
SGH,SGH Limited,11/06/2024,39.68,39.70,39.33,39.61,"535,539.00","15,786.49","398,548,160.00"
SGH,SGH Limited,07/06/2024,39.89,40.23,39.57,40.17,"552,346.00","16,009.68","398,548,160.00"
SGH,SGH Limited,06/06/2024,39.54,39.90,38.95,39.64,"425,717.00","15,798.45","398,548,160.00"
SGH,SGH Limited,05/06/2024,38.70,39.25,38.555,39.25,"410,421.00","15,526.97","395,591,468.00"
SGH,SGH Limited,04/06/2024,39.11,39.30,38.85,39.00,"570,626.00","15,428.07","395,591,468.00"
SGH,SGH Limited,03/06/2024,39.50,39.63,39.09,39.18,"413,530.00","15,450.65","394,350,357.00"
SGH,SGH Limited,31/05/2024,39.36,39.36,38.29,39.19,"1,843,849.00","15,454.59","394,350,357.00"
SGH,SGH Limited,30/05/2024,38.82,39.10,38.51,38.88,"357,229.00","15,332.34","394,350,357.00"
SGH,SGH Limited,29/05/2024,38.91,39.18,38.60,38.94,"473,092.00","15,291.19","392,685,799.00"
SGH,SGH Limited,28/05/2024,39.76,39.79,39.06,39.33,"402,471.00","15,444.33","392,685,799.00"
SGH,SGH Limited,27/05/2024,39.30,39.875,39.10,39.80,"340,519.00","15,628.89","392,685,799.00"
SGH,SGH Limited,24/05/2024,39.48,39.48,38.85,39.02,"367,156.00","15,322.60","392,685,799.00"
SGH,SGH Limited,23/05/2024,38.79,39.60,38.70,39.52,"476,957.00","15,508.76","392,428,041.00"
SGH,SGH Limited,22/05/2024,38.97,39.40,38.80,39.14,"620,886.00","15,359.63","392,428,041.00"
SGH,SGH Limited,21/05/2024,38.80,39.14,38.67,38.88,"717,605.00","14,997.86","385,747,529.00"
SGH,SGH Limited,20/05/2024,39.07,39.31,38.50,38.56,"519,389.00","14,874.42","385,747,529.00"
SGH,SGH Limited,17/05/2024,38.90,39.56,38.835,38.87,"696,146.00","14,994.01","385,747,529.00"
SGH,SGH Limited,16/05/2024,38.72,39.70,38.30,39.19,"1,226,481.00","15,117.45","385,747,529.00"
SGH,SGH Limited,15/05/2024,37.70,38.01,37.255,37.96,"799,889.00","14,570.14","383,828,799.00"
SGH,SGH Limited,14/05/2024,38.98,39.18,37.61,37.80,"876,968.00","14,508.73","383,828,799.00"
SGH,SGH Limited,13/05/2024,39.73,40.00,38.96,38.99,"707,725.00","14,908.38","382,364,184.00"
SGH,SGH Limited,10/05/2024,39.81,40.44,39.67,39.94,"886,830.00","15,271.63","382,364,184.00"
SGH,SGH Limited,09/05/2024,39.50,40.00,38.92,39.71,"1,561,596.00","15,183.68","382,364,184.00"
SGH,SGH Limited,08/05/2024,39.34,39.41,38.74,39.41,"661,349.00","14,982.45","380,168,766.00"
SGH,SGH Limited,07/05/2024,39.21,39.41,38.44,39.23,"747,165.00","14,914.02","380,168,766.00"
SGH,SGH Limited,06/05/2024,39.19,39.58,38.56,38.56,"2,769,226.00","14,659.31","380,168,766.00"
SGH,SGH Limited,03/05/2024,37.62,39.10,37.57,39.06,"904,018.00","14,823.75","379,512,326.00"
SGH,SGH Limited,02/05/2024,37.99,38.20,37.60,37.62,"380,535.00","14,277.25","379,512,326.00"
SGH,SGH Limited,01/05/2024,37.01,38.05,36.815,37.75,"657,527.00","14,268.27","377,967,389.00"
SGH,SGH Limited,30/04/2024,38.13,38.415,37.89,38.05,"760,948.00","14,381.66","377,967,389.00"
SGH,SGH Limited,29/04/2024,38.78,38.88,38.27,38.40,"708,699.00","14,513.95","377,967,389.00"
SGH,SGH Limited,26/04/2024,38.28,38.61,38.01,38.33,"397,739.00","14,371.65","374,945,332.00"
SGH,SGH Limited,24/04/2024,38.80,39.055,38.26,38.68,"705,288.00","14,502.89","374,945,332.00"
SGH,SGH Limited,23/04/2024,38.30,38.85,38.21,38.51,"818,746.00","14,439.07","374,943,512.00"
SGH,SGH Limited,22/04/2024,38.00,38.20,37.65,37.75,"523,242.00","14,032.52","371,722,404.00"
SGH,SGH Limited,19/04/2024,37.85,38.00,37.21,37.66,"669,205.00","13,999.07","371,722,404.00"
SGH,SGH Limited,18/04/2024,38.49,38.88,38.04,38.53,"385,832.00","14,322.46","371,722,404.00"
SGH,SGH Limited,17/04/2024,38.50,38.90,38.27,38.60,"806,702.00","14,348.48","371,722,404.00"
SGH,SGH Limited,16/04/2024,38.83,39.09,38.13,38.69,"366,164.00","14,368.25","371,368,446.00"
SGH,SGH Limited,15/04/2024,39.44,39.815,38.99,39.36,"588,288.00","14,617.06","371,368,446.00"
SGH,SGH Limited,12/04/2024,39.70,40.52,39.63,40.07,"566,551.00","14,880.73","371,368,446.00"
SGH,SGH Limited,11/04/2024,39.33,40.09,39.13,40.03,"821,497.00","14,776.66","369,139,685.00"
SGH,SGH Limited,10/04/2024,39.97,40.80,39.97,40.14,"1,001,600.00","14,817.27","369,139,685.00"
SGH,SGH Limited,09/04/2024,40.13,40.18,39.01,39.50,"369,130.00","14,510.16","367,345,717.00"
SGH,SGH Limited,08/04/2024,39.30,39.97,39.01,39.80,"428,238.00","14,620.36","367,345,717.00"
SGH,SGH Limited,05/04/2024,39.54,39.72,38.93,39.40,"601,334.00","14,473.42","367,345,717.00"
SGH,SGH Limited,04/04/2024,39.75,40.16,39.44,39.58,"385,684.00","14,524.91","366,975,980.00"
SGH,SGH Limited,03/04/2024,40.40,40.57,39.49,39.62,"812,138.00","14,539.59","366,975,980.00"
SGH,SGH Limited,02/04/2024,41.39,41.50,40.40,40.63,"619,573.00","14,910.23","366,975,980.00"
SGH,SGH Limited,28/03/2024,41.00,41.00,40.31,40.77,"615,065.00","14,961.61","366,975,980.00"
SGH,SGH Limited,27/03/2024,39.69,40.58,39.63,40.58,"665,181.00","14,876.29","366,591,627.00"
SGH,SGH Limited,26/03/2024,40.96,40.96,39.50,39.62,"638,059.00","14,524.36","366,591,627.00"
SGH,SGH Limited,25/03/2024,41.27,41.84,41.22,41.31,"552,269.00","15,132.90","366,325,368.00"
SGH,SGH Limited,22/03/2024,41.59,41.59,40.84,40.86,"344,903.00","14,968.05","366,325,368.00"
SGH,SGH Limited,21/03/2024,41.65,41.65,40.74,41.08,"802,939.00","15,043.17","366,192,035.00"
SGH,SGH Limited,20/03/2024,41.90,41.95,41.02,41.08,"440,727.00","15,043.17","366,192,035.00"
SGH,SGH Limited,19/03/2024,41.02,41.79,40.43,41.59,"635,795.00","15,194.34","365,336,331.00"
SGH,SGH Limited,18/03/2024,40.61,41.20,40.50,40.93,"457,804.00","14,953.22","365,336,331.00"
SGH,SGH Limited,15/03/2024,40.90,41.42,40.55,40.61,"1,328,681.00","14,836.31","365,336,331.00"
SGH,SGH Limited,14/03/2024,40.84,41.65,40.39,41.33,"665,272.00","15,091.42","365,144,521.00"
SGH,SGH Limited,13/03/2024,40.15,41.05,39.76,40.72,"928,698.00","14,808.79","363,673,688.00"
SGH,SGH Limited,12/03/2024,40.35,40.68,40.10,40.63,"593,478.00","14,772.48","363,585,587.00"
SGH,SGH Limited,11/03/2024,40.74,41.57,40.24,40.49,"451,127.00","14,721.58","363,585,587.00"
SGH,SGH Limited,08/03/2024,42.10,42.28,41.33,41.67,"811,965.00","15,150.61","363,585,587.00"
SGH,SGH Limited,07/03/2024,40.88,41.70,40.53,41.70,"1,219,553.00","15,161.52","363,585,587.00"
SGH,SGH Limited,06/03/2024,41.75,41.75,39.655,40.41,"1,399,982.00","14,692.49","363,585,587.00"
SGH,SGH Limited,05/03/2024,39.89,41.40,39.34,41.40,"1,387,835.00","15,052.44","363,585,587.00"
SGH,SGH Limited,04/03/2024,40.00,40.00,39.13,39.72,"820,427.00","14,441.62","363,585,587.00"
SGH,SGH Limited,01/03/2024,38.51,39.50,38.21,39.50,"844,357.00","14,361.63","363,585,587.00"
SGH,SGH Limited,29/02/2024,38.37,39.10,38.00,38.51,"13,104,353.00","14,001.68","363,585,587.00"
SGH,SGH Limited,28/02/2024,39.10,39.24,37.95,38.03,"1,036,657.00","13,827.16","363,585,587.00"
SGH,SGH Limited,27/02/2024,38.48,39.18,38.16,38.93,"743,047.00","14,154.39","363,585,587.00"
SGH,SGH Limited,26/02/2024,39.15,39.15,37.73,38.21,"1,234,422.00","13,892.61","363,585,587.00"
SGH,SGH Limited,23/02/2024,38.77,39.31,38.30,38.38,"670,729.00","13,954.41","363,585,587.00"
SGH,SGH Limited,22/02/2024,39.73,39.89,38.58,38.58,"1,034,383.00","14,027.13","363,585,587.00"
SGH,SGH Limited,21/02/2024,40.76,40.76,39.30,39.51,"910,236.00","14,365.27","363,585,587.00"
SGH,SGH Limited,20/02/2024,40.65,41.48,39.99,40.52,"826,488.00","14,732.49","363,585,587.00"
SGH,SGH Limited,19/02/2024,40.00,40.745,39.63,40.65,"1,895,762.00","14,779.75","363,585,587.00"
SGH,SGH Limited,16/02/2024,40.69,41.26,40.36,40.77,"1,325,827.00","14,823.38","363,585,587.00"
SGH,SGH Limited,15/02/2024,40.00,40.74,39.50,40.62,"1,835,766.00","14,768.85","363,585,587.00"
SGH,SGH Limited,14/02/2024,37.71,39.18,37.33,38.91,"1,680,308.00","14,147.12","363,585,587.00"
SGH,SGH Limited,13/02/2024,36.51,37.23,36.34,36.35,"656,093.00","13,216.34","363,585,587.00"
SGH,SGH Limited,12/02/2024,37.15,37.52,36.80,37.07,"668,008.00","13,478.12","363,585,587.00"
SGH,SGH Limited,09/02/2024,36.38,37.28,36.26,37.08,"658,531.00","13,481.75","363,585,587.00"
SGH,SGH Limited,08/02/2024,35.91,36.16,35.52,35.71,"496,127.00","12,983.64","363,585,587.00"
SGH,SGH Limited,07/02/2024,35.24,35.585,35.00,35.32,"739,717.00","12,841.84","363,585,587.00"
SGH,SGH Limited,06/02/2024,34.79,35.11,34.45,35.11,"1,118,727.00","12,765.49","363,585,587.00"
SGH,SGH Limited,05/02/2024,35.39,35.52,34.88,34.97,"423,934.00","12,714.59","363,585,587.00"
SGH,SGH Limited,02/02/2024,36.01,36.12,35.55,35.66,"663,562.00","12,965.46","363,585,587.00"
SGH,SGH Limited,01/02/2024,35.74,35.84,35.26,35.47,"599,877.00","12,896.38","363,585,587.00"
SGH,SGH Limited,31/01/2024,36.27,36.31,35.87,36.11,"553,769.00","13,129.08","363,585,587.00"
SGH,SGH Limited,30/01/2024,36.63,36.70,35.97,36.11,"481,237.00","13,129.08","363,585,587.00"
SGH,SGH Limited,29/01/2024,35.40,35.98,35.40,35.98,"583,861.00","13,081.81","363,585,587.00"
SGH,SGH Limited,25/01/2024,35.58,35.65,34.94,35.38,"412,586.00","12,863.66","363,585,587.00"
SGH,SGH Limited,24/01/2024,35.60,35.60,34.91,35.00,"447,052.00","12,725.50","363,585,587.00"
SGH,SGH Limited,23/01/2024,34.89,35.81,34.76,35.75,"771,213.00","12,998.18","363,585,587.00"
SGH,SGH Limited,22/01/2024,34.42,34.85,34.19,34.85,"917,755.00","12,670.96","363,585,587.00"
SGH,SGH Limited,19/01/2024,34.11,34.50,33.61,34.32,"772,435.00","12,478.26","363,585,587.00"
SGH,SGH Limited,18/01/2024,33.73,34.22,33.59,33.69,"1,136,783.00","12,249.20","363,585,587.00"
SGH,SGH Limited,17/01/2024,35.00,35.11,33.78,33.81,"1,149,782.00","12,292.83","363,585,587.00"
SGH,SGH Limited,16/01/2024,36.73,36.77,35.11,35.43,"714,757.00","12,881.84","363,585,587.00"
SGH,SGH Limited,15/01/2024,36.89,37.32,36.74,36.86,"611,534.00","13,401.76","363,585,587.00"
SGH,SGH Limited,12/01/2024,36.47,36.98,36.395,36.86,"512,114.00","13,401.76","363,585,587.00"
SGH,SGH Limited,11/01/2024,36.81,37.13,36.75,36.77,"555,130.00","13,369.04","363,585,587.00"
SGH,SGH Limited,10/01/2024,36.89,37.04,36.51,36.51,"419,911.00","13,274.51","363,585,587.00"
SGH,SGH Limited,09/01/2024,36.48,36.89,36.47,36.89,"622,295.00","13,412.67","363,585,587.00"
SGH,SGH Limited,08/01/2024,35.78,36.40,35.70,36.23,"706,235.00","13,172.71","363,585,587.00"
SGH,SGH Limited,05/01/2024,36.27,36.70,35.89,36.09,"666,306.00","13,121.80","363,585,587.00"
SGH,SGH Limited,04/01/2024,36.67,36.95,36.37,36.80,"512,729.00","13,379.95","363,585,587.00"
SGH,SGH Limited,03/01/2024,36.50,36.87,36.50,36.61,"459,145.00","13,310.87","363,585,587.00"
SGH,SGH Limited,02/01/2024,37.30,37.48,37.02,37.18,"522,659.00","13,518.11","363,585,587.00"
SGH,SGH Limited,29/12/2023,36.81,36.99,36.14,36.90,"317,466.00","13,416.31","363,585,587.00"
SGH,SGH Limited,28/12/2023,36.50,36.82,36.14,36.78,"371,104.00","13,372.68","363,585,587.00"
SGH,SGH Limited,27/12/2023,36.29,36.38,35.75,36.14,"275,299.00","13,139.98","363,585,587.00"
SGH,SGH Limited,22/12/2023,35.18,35.83,35.12,35.74,"372,868.00","12,994.55","363,585,587.00"
SGH,SGH Limited,21/12/2023,35.33,35.77,35.16,35.16,"899,107.00","12,783.67","363,585,587.00"
SGH,SGH Limited,20/12/2023,35.31,35.58,35.10,35.27,"556,858.00","12,823.66","363,585,587.00"
SGH,SGH Limited,19/12/2023,34.78,35.38,34.64,35.07,"624,438.00","12,750.95","363,585,587.00"
SGH,SGH Limited,18/12/2023,34.50,34.88,34.34,34.63,"472,326.00","12,590.97","363,585,587.00"
SGH,SGH Limited,15/12/2023,35.74,35.80,34.49,34.59,"1,442,160.00","12,576.43","363,585,587.00"
SGH,SGH Limited,14/12/2023,34.49,35.33,34.35,35.33,"862,578.00","12,845.48","363,585,587.00"
SGH,SGH Limited,13/12/2023,34.09,34.32,33.84,34.23,"1,056,656.00","12,445.53","363,585,587.00"
SGH,SGH Limited,12/12/2023,33.61,34.06,33.48,34.06,"845,543.00","12,383.73","363,585,587.00"
SGH,SGH Limited,11/12/2023,33.00,33.53,32.775,33.48,"504,497.00","12,172.85","363,585,587.00"
SGH,SGH Limited,08/12/2023,32.57,33.09,32.46,33.09,"403,824.00","12,031.05","363,585,587.00"
SGH,SGH Limited,07/12/2023,32.65,32.85,32.38,32.85,"1,127,987.00","11,943.79","363,585,587.00"
SGH,SGH Limited,06/12/2023,32.40,32.68,32.21,32.65,"869,691.00","11,871.07","363,585,587.00"
SGH,SGH Limited,05/12/2023,32.44,32.72,32.25,32.25,"1,018,239.00","11,725.64","363,585,587.00"
SGH,SGH Limited,04/12/2023,32.79,32.91,32.38,32.42,"630,498.00","11,787.44","363,585,587.00"
SGH,SGH Limited,01/12/2023,32.20,32.54,32.03,32.45,"756,459.00","11,798.35","363,585,587.00"
SGH,SGH Limited,30/11/2023,32.41,32.42,32.02,32.14,"1,025,053.00","11,685.64","363,585,587.00"
SGH,SGH Limited,29/11/2023,32.28,32.42,31.92,31.94,"652,703.00","11,612.92","363,585,587.00"
SGH,SGH Limited,28/11/2023,32.36,32.63,32.22,32.22,"561,752.00","11,714.73","363,585,587.00"
SGH,SGH Limited,27/11/2023,32.08,32.31,31.96,32.22,"537,157.00","11,714.73","363,585,587.00"
SGH,SGH Limited,24/11/2023,31.98,32.14,31.815,31.94,"243,865.00","11,612.92","363,585,587.00"
SGH,SGH Limited,23/11/2023,31.70,32.15,31.46,32.00,"942,252.00","11,634.74","363,585,587.00"
SGH,SGH Limited,22/11/2023,32.03,32.15,31.48,31.76,"657,122.00","11,547.48","363,585,587.00"
SGH,SGH Limited,21/11/2023,32.21,32.33,31.75,32.21,"888,702.00","11,711.09","363,585,587.00"
SGH,SGH Limited,20/11/2023,31.43,32.19,31.18,32.13,"1,735,469.00","11,682.00","363,585,587.00"
SGH,SGH Limited,17/11/2023,30.70,31.46,30.51,31.43,"1,407,972.00","11,427.49","363,585,587.00"
SGH,SGH Limited,16/11/2023,30.52,30.74,28.86,30.33,"672,169.00","11,027.55","363,585,587.00"
SGH,SGH Limited,15/11/2023,30.00,30.46,29.73,29.94,"884,984.00","10,885.75","363,585,587.00"
SGH,SGH Limited,14/11/2023,29.30,29.62,29.085,29.46,"626,060.00","10,711.23","363,585,587.00"
SGH,SGH Limited,13/11/2023,29.26,29.26,28.91,28.98,"274,146.00","10,536.71","363,585,587.00"
SGH,SGH Limited,10/11/2023,29.00,29.06,28.71,29.05,"337,416.00","10,562.16","363,585,587.00"
SGH,SGH Limited,09/11/2023,29.27,29.27,28.90,28.98,"683,405.00","10,536.71","363,585,587.00"
SGH,SGH Limited,08/11/2023,28.66,28.99,28.62,28.97,"467,882.00","10,533.07","363,585,587.00"
SGH,SGH Limited,07/11/2023,28.76,28.91,28.565,28.74,"607,641.00","10,449.45","363,585,587.00"
SGH,SGH Limited,06/11/2023,28.88,29.22,28.70,28.70,"602,637.00","10,434.91","363,585,587.00"
SGH,SGH Limited,03/11/2023,29.15,29.42,28.78,29.25,"814,627.00","10,634.88","363,585,587.00"
SGH,SGH Limited,02/11/2023,27.84,28.64,27.84,28.64,"556,086.00","10,413.09","363,585,587.00"
SGH,SGH Limited,01/11/2023,27.84,27.85,26.92,27.70,"1,609,148.00","10,071.32","363,585,587.00"
SGH,SGH Limited,31/10/2023,27.20,27.75,26.99,27.74,"617,756.00","10,085.86","363,585,587.00"
SGH,SGH Limited,30/10/2023,26.78,27.13,26.58,27.12,"516,652.00","9,860.44","363,585,587.00"
SGH,SGH Limited,27/10/2023,26.86,27.05,26.70,27.00,"434,105.00","9,816.81","363,585,587.00"
SGH,SGH Limited,26/10/2023,27.14,27.17,26.62,26.89,"553,833.00","9,776.82","363,585,587.00"
SGH,SGH Limited,25/10/2023,26.77,27.17,26.74,27.12,"776,649.00","9,860.44","363,585,587.00"
SGH,SGH Limited,24/10/2023,26.61,26.92,26.56,26.85,"472,630.00","9,762.27","363,585,587.00"
SGH,SGH Limited,23/10/2023,26.54,26.69,26.29,26.56,"459,047.00","9,656.83","363,585,587.00"
SGH,SGH Limited,20/10/2023,26.82,26.90,26.62,26.78,"499,723.00","9,736.82","363,585,587.00"
SGH,SGH Limited,19/10/2023,26.63,27.11,26.20,27.11,"550,716.00","9,856.81","363,585,587.00"
SGH,SGH Limited,18/10/2023,27.25,27.29,26.74,26.94,"836,218.00","9,795.00","363,585,587.00"
SGH,SGH Limited,17/10/2023,27.27,27.45,26.57,26.85,"725,618.00","9,762.27","363,585,587.00"
SGH,SGH Limited,16/10/2023,27.36,27.715,27.11,27.11,"799,728.00","9,856.81","363,585,587.00"
SGH,SGH Limited,13/10/2023,27.75,27.935,27.48,27.65,"652,616.00","10,053.14","363,585,587.00"
SGH,SGH Limited,12/10/2023,28.60,28.65,27.81,27.94,"806,845.00","10,158.23","363,573,087.00"
SGH,SGH Limited,11/10/2023,28.59,28.88,28.24,28.52,"1,061,307.00","10,369.10","363,573,087.00"
SGH,SGH Limited,10/10/2023,28.88,29.04,28.26,28.31,"892,471.00","10,292.75","363,573,087.00"
SGH,SGH Limited,09/10/2023,28.75,29.03,28.44,28.44,"937,548.00","10,340.02","363,573,087.00"
SGH,SGH Limited,06/10/2023,28.71,28.81,28.51,28.57,"844,903.00","10,387.28","363,573,087.00"
SGH,SGH Limited,05/10/2023,29.15,29.37,28.71,28.71,"785,177.00","10,438.18","363,573,087.00"
SGH,SGH Limited,04/10/2023,29.75,29.75,29.03,29.23,"1,104,175.00","10,627.24","363,573,087.00"
SGH,SGH Limited,03/10/2023,30.40,30.47,29.49,30.04,"1,766,023.00","10,921.74","363,573,087.00"
SGH,SGH Limited,02/10/2023,30.99,31.16,30.66,30.82,"757,303.00","11,205.32","363,573,087.00"
SGH,SGH Limited,29/09/2023,30.85,31.26,30.74,31.15,"1,294,260.00","11,325.30","363,573,087.00"
SGH,SGH Limited,28/09/2023,30.32,30.84,30.27,30.67,"991,505.00","11,150.79","363,573,087.00"
SGH,SGH Limited,27/09/2023,30.12,30.46,29.82,30.43,"1,264,618.00","11,063.53","363,573,087.00"
SGH,SGH Limited,26/09/2023,30.06,30.20,29.85,30.05,"1,059,273.00","10,925.37","363,573,087.00"
SGH,SGH Limited,25/09/2023,29.30,30.32,29.26,29.89,"1,159,499.00","10,867.20","363,573,087.00"
SGH,SGH Limited,22/09/2023,29.11,29.54,28.94,29.51,"896,429.00","10,729.04","363,573,087.00"
SGH,SGH Limited,21/09/2023,29.44,29.70,29.37,29.49,"727,009.00","10,721.77","363,573,087.00"
SGH,SGH Limited,20/09/2023,29.06,29.59,29.06,29.35,"833,161.00","10,670.87","363,573,087.00"
SGH,SGH Limited,19/09/2023,28.90,29.35,28.70,29.35,"463,939.00","10,670.87","363,573,087.00"
SGH,SGH Limited,18/09/2023,29.17,29.31,28.56,28.75,"289,619.00","10,452.73","363,573,087.00"
SGH,SGH Limited,15/09/2023,29.00,29.24,28.92,29.05,"830,541.00","10,561.80","363,573,087.00"
SGH,SGH Limited,14/09/2023,28.49,28.92,28.35,28.76,"714,943.00","10,456.36","363,573,087.00"
SGH,SGH Limited,13/09/2023,28.85,28.89,28.53,28.84,"796,457.00","10,485.45","363,573,087.00"
SGH,SGH Limited,12/09/2023,28.95,29.12,28.55,28.77,"570,950.00","10,458.32","363,514,754.00"
SGH,SGH Limited,11/09/2023,28.47,28.96,28.44,28.90,"681,871.00","10,505.58","363,514,754.00"
SGH,SGH Limited,08/09/2023,28.50,28.69,28.23,28.63,"647,589.00","10,407.43","363,514,754.00"
SGH,SGH Limited,07/09/2023,28.48,28.59,28.19,28.36,"560,512.00","10,309.28","363,514,754.00"
SGH,SGH Limited,06/09/2023,28.33,28.68,28.16,28.48,"380,738.00","10,352.90","363,514,754.00"
SGH,SGH Limited,05/09/2023,28.45,28.53,28.275,28.53,"194,424.00","10,371.08","363,514,754.00"
SGH,SGH Limited,04/09/2023,28.30,28.50,28.16,28.50,"326,565.00","10,360.17","363,514,754.00"
SGH,SGH Limited,01/09/2023,27.96,28.21,27.68,28.21,"335,133.00","10,254.75","363,514,754.00"
SGH,SGH Limited,31/08/2023,28.16,28.35,27.92,27.96,"748,930.00","10,163.87","363,514,754.00"
SGH,SGH Limited,30/08/2023,28.04,28.105,27.73,28.01,"720,336.00","10,182.05","363,514,754.00"
SGH,SGH Limited,29/08/2023,27.64,27.87,27.54,27.71,"544,551.00","10,072.99","363,514,754.00"
SGH,SGH Limited,28/08/2023,27.38,27.72,27.10,27.57,"355,263.00","10,022.10","363,514,754.00"
SGH,SGH Limited,25/08/2023,26.97,27.31,26.90,27.08,"477,132.00","9,843.98","363,514,754.00"
SGH,SGH Limited,24/08/2023,27.46,27.73,27.23,27.34,"461,894.00","9,938.49","363,514,754.00"
SGH,SGH Limited,23/08/2023,26.96,27.57,26.86,27.37,"538,427.00","9,949.40","363,514,754.00"
SGH,SGH Limited,22/08/2023,26.46,27.00,26.30,27.00,"692,017.00","9,814.90","363,514,754.00"
SGH,SGH Limited,21/08/2023,26.50,26.59,26.28,26.38,"667,326.00","9,589.52","363,514,754.00"
SGH,SGH Limited,18/08/2023,26.90,27.02,26.36,26.64,"679,463.00","9,684.03","363,514,754.00"
SGH,SGH Limited,17/08/2023,25.99,27.44,25.99,26.99,"1,338,028.00","9,811.26","363,514,754.00"
SGH,SGH Limited,16/08/2023,26.30,26.47,25.99,26.32,"503,873.00","9,561.02","363,260,588.00"
SGH,SGH Limited,15/08/2023,26.38,26.75,26.31,26.71,"615,036.00","9,702.69","363,260,588.00"
SGH,SGH Limited,14/08/2023,26.13,26.49,26.09,26.45,"320,564.00","9,608.24","363,260,588.00"
SGH,SGH Limited,11/08/2023,26.26,26.48,26.11,26.38,"346,353.00","9,582.81","363,260,588.00"
SGH,SGH Limited,10/08/2023,25.97,26.28,25.92,26.26,"620,479.00","9,539.22","363,260,588.00"
SGH,SGH Limited,09/08/2023,25.96,26.015,25.73,25.90,"419,681.00","9,408.45","363,260,588.00"
SGH,SGH Limited,08/08/2023,26.26,26.29,25.92,25.99,"538,352.00","9,441.14","363,260,588.00"
SGH,SGH Limited,07/08/2023,26.19,26.23,26.10,26.20,"497,471.00","9,517.43","363,260,588.00"
SGH,SGH Limited,04/08/2023,26.01,26.365,25.95,26.20,"386,715.00","9,517.43","363,260,588.00"
SGH,SGH Limited,03/08/2023,26.05,26.32,25.97,26.20,"273,052.00","9,517.43","363,260,588.00"
SGH,SGH Limited,02/08/2023,26.30,26.55,26.18,26.32,"534,133.00","9,561.02","363,260,588.00"
SGH,SGH Limited,01/08/2023,26.42,26.54,25.93,26.18,"597,049.00","9,510.16","363,260,588.00"
SGH,SGH Limited,31/07/2023,26.13,26.22,25.97,26.22,"377,706.00","9,524.69","363,260,588.00"
SGH,SGH Limited,28/07/2023,25.81,26.02,25.71,26.00,"381,142.00","9,444.78","363,260,588.00"
SGH,SGH Limited,27/07/2023,25.65,26.04,25.63,26.00,"443,574.00","9,444.78","363,260,588.00"
SGH,SGH Limited,26/07/2023,25.99,26.05,25.46,25.61,"739,431.00","9,303.10","363,260,588.00"
SGH,SGH Limited,25/07/2023,26.11,26.19,25.82,26.00,"295,897.00","9,444.78","363,260,588.00"
SGH,SGH Limited,24/07/2023,25.73,25.955,25.36,25.86,"687,076.00","9,393.92","363,260,588.00"
SGH,SGH Limited,21/07/2023,25.61,25.75,25.31,25.70,"228,560.00","9,335.80","363,260,588.00"
SGH,SGH Limited,20/07/2023,25.63,25.93,25.50,25.58,"241,846.00","9,292.21","363,260,588.00"
SGH,SGH Limited,19/07/2023,25.69,25.89,25.47,25.52,"409,674.00","9,270.41","363,260,588.00"
SGH,SGH Limited,18/07/2023,25.44,25.61,25.20,25.30,"205,910.00","9,190.49","363,260,588.00"
SGH,SGH Limited,17/07/2023,25.39,25.50,25.11,25.49,"281,332.00","9,259.51","363,260,588.00"
SGH,SGH Limited,14/07/2023,25.03,25.39,24.94,25.25,"317,691.00","9,172.33","363,260,588.00"
SGH,SGH Limited,13/07/2023,24.25,25.00,24.125,24.91,"559,863.00","9,048.82","363,260,588.00"
SGH,SGH Limited,12/07/2023,23.89,23.965,23.80,23.80,"343,884.00","8,645.60","363,260,588.00"
SGH,SGH Limited,11/07/2023,23.67,23.72,23.37,23.72,"595,082.00","8,616.54","363,260,588.00"
SGH,SGH Limited,10/07/2023,23.77,23.79,23.41,23.44,"274,557.00","8,514.83","363,260,588.00"
SGH,SGH Limited,07/07/2023,23.50,23.69,23.38,23.58,"357,852.00","8,565.68","363,260,588.00"
SGH,SGH Limited,06/07/2023,24.04,24.105,23.77,24.01,"699,959.00","8,721.89","363,260,588.00"
SGH,SGH Limited,05/07/2023,24.34,24.34,24.09,24.18,"434,202.00","8,783.64","363,260,588.00"
SGH,SGH Limited,04/07/2023,24.49,24.62,24.29,24.32,"301,922.00","8,834.50","363,260,588.00"
SGH,SGH Limited,03/07/2023,24.65,24.79,24.45,24.59,"337,524.00","8,932.58","363,260,588.00"
SGH,SGH Limited,30/06/2023,24.59,24.78,24.48,24.65,"294,453.00","8,954.37","363,260,588.00"
SGH,SGH Limited,29/06/2023,24.75,24.805,24.56,24.71,"261,066.00","8,976.17","363,260,588.00"
SGH,SGH Limited,28/06/2023,24.56,24.95,24.45,24.61,"251,207.00","8,939.84","363,260,588.00"
SGH,SGH Limited,27/06/2023,24.65,24.65,24.28,24.36,"331,643.00","8,849.03","363,260,588.00"
SGH,SGH Limited,26/06/2023,24.27,24.55,24.11,24.44,"313,809.00","8,878.09","363,260,588.00"
SGH,SGH Limited,23/06/2023,24.62,24.84,24.35,24.40,"225,736.00","8,863.56","363,260,588.00"
SGH,SGH Limited,22/06/2023,25.60,25.60,24.89,24.92,"393,027.00","9,052.45","363,260,588.00"
SGH,SGH Limited,21/06/2023,25.79,25.79,25.19,25.34,"499,962.00","9,205.02","363,260,588.00"
SGH,SGH Limited,20/06/2023,25.46,25.55,25.16,25.55,"344,519.00","9,281.31","363,260,588.00"
SGH,SGH Limited,19/06/2023,25.65,25.78,25.23,25.26,"513,873.00","9,175.96","363,260,588.00"
SGH,SGH Limited,16/06/2023,25.15,25.45,25.04,25.45,"661,377.00","9,244.98","363,260,588.00"
SGH,SGH Limited,15/06/2023,24.99,25.11,24.93,24.96,"566,591.00","9,066.98","363,260,588.00"
SGH,SGH Limited,14/06/2023,24.88,25.04,24.64,24.82,"603,784.00","9,016.13","363,260,588.00"
SGH,SGH Limited,13/06/2023,24.68,24.81,24.49,24.67,"521,265.00","8,961.64","363,260,588.00"
SGH,SGH Limited,09/06/2023,24.20,24.575,24.08,24.41,"417,118.00","8,867.19","363,260,588.00"
SGH,SGH Limited,08/06/2023,24.15,24.53,24.01,24.32,"694,143.00","8,834.50","363,260,588.00"
SGH,SGH Limited,07/06/2023,23.87,24.19,23.83,24.15,"725,811.00","8,772.74","363,260,588.00"
SGH,SGH Limited,06/06/2023,23.99,24.24,23.63,23.63,"636,860.00","8,583.85","363,260,588.00"
SGH,SGH Limited,05/06/2023,24.05,24.35,23.95,24.17,"429,791.00","8,780.01","363,260,588.00"
SGH,SGH Limited,02/06/2023,23.62,23.76,23.49,23.72,"307,685.00","8,616.54","363,260,588.00"
SGH,SGH Limited,01/06/2023,23.30,23.51,23.16,23.42,"458,305.00","8,507.56","363,260,588.00"
SGH,SGH Limited,31/05/2023,23.52,23.52,23.17,23.38,"770,797.00","8,493.03","363,260,588.00"
SGH,SGH Limited,30/05/2023,23.98,24.00,23.33,23.44,"451,148.00","8,514.83","363,260,588.00"
SGH,SGH Limited,29/05/2023,24.44,24.49,23.965,24.00,"238,940.00","8,718.25","363,260,588.00"
SGH,SGH Limited,26/05/2023,24.04,24.32,23.97,24.16,"499,282.00","8,776.38","363,260,588.00"
SGH,SGH Limited,25/05/2023,23.96,24.045,23.77,24.01,"479,598.00","8,721.89","363,260,588.00"
SGH,SGH Limited,24/05/2023,24.20,24.38,23.94,24.15,"634,561.00","8,772.74","363,260,588.00"
SGH,SGH Limited,23/05/2023,24.35,24.45,24.22,24.38,"350,654.00","8,856.29","363,260,588.00"
SGH,SGH Limited,22/05/2023,24.31,24.48,24.17,24.22,"387,967.00","8,798.17","363,260,588.00"
SGH,SGH Limited,19/05/2023,24.19,24.34,24.12,24.22,"288,104.00","8,798.17","363,260,588.00"
SGH,SGH Limited,18/05/2023,23.99,24.00,23.75,23.96,"492,328.00","8,703.72","363,260,588.00"
SGH,SGH Limited,17/05/2023,23.51,23.73,23.43,23.70,"265,996.00","8,609.28","363,260,588.00"
SGH,SGH Limited,16/05/2023,23.73,23.975,23.66,23.81,"396,410.00","8,649.23","363,260,588.00"
SGH,SGH Limited,15/05/2023,23.79,23.95,23.43,23.86,"361,765.00","8,667.40","363,260,588.00"
SGH,SGH Limited,12/05/2023,23.83,23.86,23.615,23.63,"202,983.00","8,583.85","363,260,588.00"
SGH,SGH Limited,11/05/2023,23.92,23.92,23.70,23.70,"239,155.00","8,609.28","363,260,588.00"
SGH,SGH Limited,10/05/2023,23.64,23.88,23.54,23.77,"397,442.00","8,634.70","363,260,588.00"
SGH,SGH Limited,09/05/2023,23.68,23.70,23.50,23.57,"639,034.00","8,562.05","363,260,588.00"
SGH,SGH Limited,08/05/2023,23.84,23.87,23.51,23.68,"285,688.00","8,602.01","363,260,588.00"
SGH,SGH Limited,05/05/2023,23.28,23.55,23.21,23.44,"290,111.00","8,514.83","363,260,588.00"
SGH,SGH Limited,04/05/2023,22.54,23.37,22.54,23.36,"652,603.00","8,485.77","363,260,588.00"
SGH,SGH Limited,03/05/2023,23.11,23.30,22.73,22.84,"528,934.00","8,296.87","363,260,588.00"
SGH,SGH Limited,02/05/2023,23.98,23.98,23.48,23.55,"824,867.00","8,554.79","363,260,588.00"
SGH,SGH Limited,01/05/2023,23.77,24.13,23.77,23.93,"513,123.00","8,692.83","363,260,588.00"
SGH,SGH Limited,28/04/2023,23.96,23.96,23.65,23.71,"2,912,273.00","8,612.91","363,260,588.00"
SGH,SGH Limited,27/04/2023,23.58,23.78,23.55,23.68,"774,050.00","8,602.01","363,260,588.00"
SGH,SGH Limited,26/04/2023,23.29,23.91,23.225,23.78,"1,079,239.00","8,638.34","363,260,588.00"
SGH,SGH Limited,24/04/2023,23.50,23.63,23.15,23.23,"492,574.00","8,438.54","363,260,588.00"
SGH,SGH Limited,21/04/2023,23.00,23.49,22.87,23.40,"600,433.00","8,500.30","363,260,588.00"
SGH,SGH Limited,20/04/2023,23.18,23.18,22.74,22.79,"681,417.00","8,278.71","363,260,588.00"
SGH,SGH Limited,19/04/2023,23.14,23.36,22.82,23.10,"1,253,297.00","8,391.32","363,260,588.00"
SGH,SGH Limited,18/04/2023,23.34,23.45,22.86,23.24,"2,899,814.00","8,442.18","363,260,588.00"
SGH,SGH Limited,17/04/2023,23.80,23.90,23.305,23.49,"496,191.00","8,532.99","363,260,588.00"
SGH,SGH Limited,14/04/2023,23.78,23.87,23.56,23.73,"823,336.00","8,620.17","363,260,588.00"
SGH,SGH Limited,13/04/2023,23.86,24.00,23.58,23.76,"676,152.00","8,631.07","363,260,588.00"
SGH,SGH Limited,12/04/2023,23.86,23.98,23.73,23.81,"455,820.00","8,649.23","363,260,588.00"
SGH,SGH Limited,11/04/2023,23.80,23.92,23.57,23.65,"517,048.00","8,591.11","363,260,588.00"
SGH,SGH Limited,06/04/2023,24.05,24.10,23.54,23.74,"1,424,308.00","8,623.81","363,260,588.00"
SGH,SGH Limited,05/04/2023,23.48,23.97,23.38,23.91,"612,024.00","8,685.56","363,260,588.00"
SGH,SGH Limited,04/04/2023,24.08,24.15,23.58,23.67,"1,516,183.00","8,598.38","363,260,588.00"
SGH,SGH Limited,03/04/2023,23.28,24.08,23.18,23.95,"385,047.00","8,700.09","363,260,588.00"
SGH,SGH Limited,31/03/2023,23.26,23.45,23.02,23.10,"540,505.00","8,391.32","363,260,588.00"
SGH,SGH Limited,30/03/2023,23.24,23.29,23.03,23.15,"266,123.00","8,409.48","363,260,588.00"
SGH,SGH Limited,29/03/2023,23.24,23.36,23.12,23.13,"204,589.00","8,402.22","363,260,588.00"
SGH,SGH Limited,28/03/2023,23.13,23.38,22.92,23.17,"351,385.00","8,416.75","363,260,588.00"
SGH,SGH Limited,27/03/2023,23.24,23.41,23.05,23.29,"220,207.00","8,460.34","363,260,588.00"
SGH,SGH Limited,24/03/2023,22.87,23.30,22.85,23.17,"298,251.00","8,416.75","363,260,588.00"
SGH,SGH Limited,23/03/2023,22.95,23.22,22.90,23.02,"398,108.00","8,362.26","363,260,588.00"
SGH,SGH Limited,22/03/2023,23.43,23.50,23.12,23.24,"359,052.00","8,442.18","363,260,588.00"
SGH,SGH Limited,21/03/2023,22.93,23.18,22.76,23.09,"276,126.00","8,387.69","363,260,588.00"
SGH,SGH Limited,20/03/2023,22.91,23.08,22.56,22.66,"239,756.00","8,231.48","363,260,588.00"
SGH,SGH Limited,17/03/2023,22.95,23.28,22.815,23.10,"891,893.00","8,391.32","363,260,588.00"
SGH,SGH Limited,16/03/2023,23.49,23.49,22.92,23.14,"684,076.00","8,405.85","363,260,588.00"
SGH,SGH Limited,15/03/2023,23.45,23.61,23.26,23.54,"497,092.00","8,551.15","363,260,588.00"
SGH,SGH Limited,14/03/2023,23.53,23.565,22.91,23.23,"697,778.00","8,438.54","363,260,588.00"
SGH,SGH Limited,13/03/2023,23.98,24.09,23.52,23.80,"363,251.00","8,645.60","363,260,588.00"
SGH,SGH Limited,10/03/2023,24.28,24.395,24.14,24.20,"324,384.00","8,790.91","363,260,588.00"
SGH,SGH Limited,09/03/2023,24.85,24.89,24.51,24.60,"449,156.00","8,936.21","363,260,588.00"
SGH,SGH Limited,08/03/2023,24.49,24.68,24.10,24.62,"549,541.00","8,943.48","363,260,588.00"
SGH,SGH Limited,07/03/2023,24.54,24.82,24.54,24.67,"298,642.00","8,961.64","363,260,588.00"
SGH,SGH Limited,06/03/2023,24.98,24.98,24.75,24.85,"320,077.00","9,027.03","363,260,588.00"
SGH,SGH Limited,03/03/2023,24.73,24.79,24.49,24.70,"209,200.00","8,972.54","363,260,588.00"
SGH,SGH Limited,02/03/2023,24.83,24.89,24.56,24.73,"481,033.00","8,983.43","363,260,588.00"
SGH,SGH Limited,01/03/2023,24.15,24.75,24.15,24.57,"374,574.00","8,925.31","363,260,588.00"
SGH,SGH Limited,28/02/2023,24.80,24.80,24.36,24.48,"542,651.00","8,892.62","363,260,588.00"
SGH,SGH Limited,27/02/2023,24.57,24.665,24.21,24.46,"279,803.00","8,885.35","363,260,588.00"
SGH,SGH Limited,24/02/2023,24.64,24.83,24.37,24.71,"492,953.00","8,976.17","363,260,588.00"
SGH,SGH Limited,23/02/2023,24.55,24.63,24.21,24.54,"594,571.00","8,914.41","363,260,588.00"
SGH,SGH Limited,22/02/2023,24.42,24.88,24.30,24.55,"608,874.00","8,918.05","363,260,588.00"
SGH,SGH Limited,21/02/2023,24.26,24.64,24.15,24.64,"364,559.00","8,950.74","363,260,588.00"
SGH,SGH Limited,20/02/2023,24.00,24.50,23.96,24.44,"457,723.00","8,878.09","363,260,588.00"
SGH,SGH Limited,17/02/2023,23.88,24.40,23.72,24.39,"595,211.00","8,859.93","363,260,588.00"
SGH,SGH Limited,16/02/2023,24.02,24.21,23.61,23.98,"507,449.00","8,710.99","363,260,588.00"
SGH,SGH Limited,15/02/2023,23.21,24.53,22.49,23.60,"843,787.00","8,572.95","363,260,588.00"
SGH,SGH Limited,14/02/2023,23.54,23.615,23.04,23.29,"955,266.00","8,460.34","363,260,588.00"
SGH,SGH Limited,13/02/2023,22.64,23.70,22.64,23.53,"915,667.00","8,547.52","363,260,588.00"
SGH,SGH Limited,10/02/2023,22.75,23.12,22.31,22.99,"256,431.00","8,351.36","363,260,588.00"
SGH,SGH Limited,09/02/2023,22.90,23.05,22.82,23.04,"577,501.00","8,369.52","363,260,588.00"
SGH,SGH Limited,08/02/2023,22.53,23.20,22.44,22.89,"591,619.00","8,315.03","363,260,588.00"
SGH,SGH Limited,07/02/2023,22.25,22.60,22.25,22.39,"239,908.00","8,133.40","363,260,588.00"
SGH,SGH Limited,06/02/2023,22.72,22.94,22.40,22.44,"220,769.00","8,151.57","363,260,588.00"
SGH,SGH Limited,03/02/2023,22.91,22.92,22.62,22.71,"314,504.00","8,249.65","363,260,588.00"
SGH,SGH Limited,02/02/2023,22.77,22.98,22.63,22.87,"442,704.00","8,307.77","363,260,588.00"
SGH,SGH Limited,01/02/2023,22.79,22.79,22.41,22.55,"306,657.00","8,191.53","363,260,588.00"
SGH,SGH Limited,31/01/2023,22.52,22.72,22.46,22.67,"360,022.00","8,235.12","363,260,588.00"
SGH,SGH Limited,30/01/2023,22.86,22.93,22.60,22.68,"267,923.00","8,238.75","363,260,588.00"
SGH,SGH Limited,27/01/2023,22.83,22.87,22.56,22.67,"378,619.00","8,235.12","363,260,588.00"
SGH,SGH Limited,25/01/2023,22.60,22.95,22.45,22.80,"304,051.00","8,282.34","363,260,588.00"
SGH,SGH Limited,24/01/2023,22.82,22.96,22.54,22.70,"297,263.00","8,246.02","363,260,588.00"
SGH,SGH Limited,23/01/2023,22.63,22.82,22.42,22.82,"416,402.00","8,289.61","363,260,588.00"
SGH,SGH Limited,20/01/2023,22.93,22.93,22.52,22.63,"429,179.00","8,220.59","363,260,588.00"
SGH,SGH Limited,19/01/2023,23.14,23.14,22.765,22.87,"350,217.00","8,307.77","363,260,588.00"
SGH,SGH Limited,18/01/2023,22.68,22.91,22.46,22.91,"395,504.00","8,322.30","363,260,588.00"
SGH,SGH Limited,17/01/2023,22.90,22.90,22.43,22.52,"713,194.00","8,180.63","363,260,588.00"
SGH,SGH Limited,16/01/2023,22.66,22.81,22.40,22.48,"229,789.00","8,166.10","363,260,588.00"
SGH,SGH Limited,13/01/2023,22.37,22.58,22.26,22.57,"248,301.00","8,198.79","363,260,588.00"
SGH,SGH Limited,12/01/2023,22.05,22.54,21.74,22.34,"414,986.00","8,115.24","363,260,588.00"
SGH,SGH Limited,11/01/2023,21.79,22.00,21.72,21.87,"288,900.00","7,944.51","363,260,588.00"
SGH,SGH Limited,10/01/2023,21.76,22.03,21.68,21.83,"184,856.00","7,929.98","363,260,588.00"
SGH,SGH Limited,09/01/2023,21.65,22.07,21.60,21.99,"311,902.00","7,988.10","363,260,588.00"
SGH,SGH Limited,06/01/2023,21.44,21.49,21.14,21.48,"231,105.00","7,802.84","363,260,588.00"
SGH,SGH Limited,05/01/2023,21.39,21.53,21.14,21.44,"253,297.00","7,788.31","363,260,588.00"
SGH,SGH Limited,04/01/2023,21.20,21.43,20.96,21.43,"283,659.00","7,784.67","363,260,588.00"
SGH,SGH Limited,03/01/2023,20.95,21.13,20.60,20.99,"205,591.00","7,624.84","363,260,588.00"